,input.source,input.ap,input.states,input.edges,input.transitions,input.acc_sets,input.scc,input.nondetstates,input.nondeterministic,input.alternating,Seminator,Seminator_exit_status,Kofola,Kofola_exit_status,SimCo,SimCo_exit_status,SimCo+,SimCo+_exit_status,Autfilt,Autfilt_exit_status
0,data/automata/random/FINLESS.hoa:17955.1-18103.7,2,38,103,103,13,5,14,1,0,,exit code,25307.0,ok,,timeout,6730.0,ok,,timeout
1,data/automata/random/FINLESS.hoa:38868.1-38958.7,2,20,62,62,4,2,17,1,0,,exit code,19298.0,ok,30412.0,ok,3306.0,ok,30368.0,ok
2,data/automata/random/FINLESS.hoa:43091.1-43185.7,2,22,65,65,9,3,12,1,0,,exit code,26031.0,ok,,timeout,2053.0,ok,22719.0,ok
3,data/automata/random/FINLESS.hoa:315.1-495.7,6,56,117,117,11,24,5,1,0,44.0,ok,55.0,ok,,timeout,249.0,ok,84.0,ok
4,data/automata/random/FINLESS.hoa:562.1-686.7,6,32,85,85,3,9,5,1,0,42.0,ok,38.0,ok,1628.0,ok,178.0,ok,44.0,ok
5,data/automata/random/FINLESS.hoa:778.1-847.7,6,17,45,45,3,4,3,1,0,18.0,ok,18.0,ok,473.0,ok,77.0,ok,25.0,ok
6,data/automata/random/FINLESS.hoa:1242.1-1262.7,6,4,9,9,3,2,2,1,0,9.0,ok,7.0,ok,180.0,ok,39.0,ok,7.0,ok
7,data/automata/random/FINLESS.hoa:1359.1-1464.7,6,29,69,69,5,13,4,1,0,29.0,ok,34.0,ok,,timeout,117.0,ok,43.0,ok
8,data/automata/random/FINLESS.hoa:1517.1-1605.7,6,23,58,58,8,6,4,1,0,24.0,ok,24.0,ok,,timeout,104.0,ok,30.0,ok
9,data/automata/random/FINLESS.hoa:1805.1-1838.7,6,9,17,17,6,5,1,1,0,12.0,ok,12.0,ok,573.0,ok,40.0,ok,14.0,ok
10,data/automata/random/FINLESS.hoa:2349.1-2377.7,6,7,14,14,4,3,3,1,0,19.0,ok,23.0,ok,297.0,ok,53.0,ok,23.0,ok
11,data/automata/random/FINLESS.hoa:3014.1-3064.7,6,15,28,28,4,4,2,1,0,14.0,ok,16.0,ok,1540.0,ok,81.0,ok,16.0,ok
12,data/automata/random/FINLESS.hoa:3356.1-3371.7,6,3,5,5,4,2,0,0,0,2.0,ok,2.0,ok,60.0,ok,8.0,ok,4.0,ok
13,data/automata/random/FINLESS.hoa:3835.1-3887.7,6,16,29,29,4,5,4,1,0,7.0,ok,8.0,ok,240.0,ok,37.0,ok,10.0,ok
14,data/automata/random/FINLESS.hoa:3888.1-3959.7,6,20,44,44,6,6,2,1,0,48.0,ok,34.0,ok,7842.0,ok,221.0,ok,36.0,ok
15,data/automata/random/FINLESS.hoa:3960.1-3995.7,6,10,18,18,3,2,3,1,0,11.0,ok,11.0,ok,391.0,ok,79.0,ok,11.0,ok
16,data/automata/random/FINLESS.hoa:4359.1-4418.7,6,17,35,35,7,4,4,1,0,38.0,ok,29.0,ok,,timeout,195.0,ok,25.0,ok
17,data/automata/random/FINLESS.hoa:4461.1-4544.7,6,24,52,52,2,6,3,1,0,42.0,ok,24.0,ok,1024.0,ok,100.0,ok,50.0,ok
18,data/automata/random/FINLESS.hoa:4672.1-4809.7,6,35,95,95,10,8,4,1,0,173.0,ok,101.0,ok,,timeout,342.0,ok,122.0,ok
19,data/automata/random/FINLESS.hoa:5010.1-5115.7,6,27,71,71,7,6,5,1,0,164.0,ok,158.0,ok,,timeout,306.0,ok,183.0,ok
20,data/automata/random/FINLESS.hoa:5249.1-5386.7,6,32,98,98,7,10,9,1,0,9.0,ok,9.0,ok,,timeout,308.0,ok,39.0,ok
21,data/automata/random/FINLESS.hoa:5387.1-5411.7,6,6,11,11,4,2,1,1,0,12.0,ok,12.0,ok,288.0,ok,44.0,ok,12.0,ok
22,data/automata/random/FINLESS.hoa:5547.1-5562.7,6,3,4,4,2,2,0,0,0,8.0,ok,7.0,ok,16.0,ok,13.0,ok,7.0,ok
23,data/automata/random/FINLESS.hoa:5640.1-5756.7,6,31,78,78,8,13,7,1,0,85.0,ok,164.0,ok,3231.0,ok,200.0,ok,127.0,ok
24,data/automata/random/FINLESS.hoa:5917.1-6013.7,6,23,66,66,6,5,7,1,0,89.0,ok,53.0,ok,,timeout,188.0,ok,104.0,ok
25,data/automata/random/FINLESS.hoa:6014.1-6056.7,6,12,23,23,7,9,1,1,0,8.0,ok,8.0,ok,1795.0,ok,68.0,ok,9.0,ok
26,data/automata/random/FINLESS.hoa:6508.1-6543.7,6,10,18,18,3,2,4,1,0,22.0,ok,24.0,ok,294.0,ok,63.0,ok,27.0,ok
27,data/automata/random/FINLESS.hoa:6679.1-6725.7,6,13,26,26,3,5,3,1,0,12.0,ok,15.0,ok,270.0,ok,66.0,ok,12.0,ok
28,data/automata/random/FINLESS.hoa:6726.1-6782.7,6,14,35,35,3,4,4,1,0,26.0,ok,19.0,ok,394.0,ok,95.0,ok,24.0,ok
29,data/automata/random/FINLESS.hoa:6801.1-6862.7,6,18,36,36,8,8,4,1,0,27.0,ok,23.0,ok,,timeout,117.0,ok,40.0,ok
30,data/automata/random/FINLESS.hoa:7067.1-7157.7,6,23,60,60,3,3,4,1,0,55.0,ok,51.0,ok,1232.0,ok,175.0,ok,81.0,ok
31,data/automata/random/FINLESS.hoa:7285.1-7362.7,6,20,50,50,10,4,5,1,0,57.0,ok,78.0,ok,6044.0,ok,142.0,ok,36.0,ok
32,data/automata/random/FINLESS.hoa:7363.1-7446.7,6,23,53,53,8,11,5,1,0,17.0,ok,17.0,ok,2629.0,ok,112.0,ok,20.0,ok
33,data/automata/random/FINLESS.hoa:7481.1-7533.7,6,15,29,29,2,2,3,1,0,21.0,ok,19.0,ok,67.0,ok,44.0,ok,22.0,ok
34,data/automata/random/FINLESS.hoa:7718.1-7773.7,6,16,32,32,7,6,5,1,0,30.0,ok,29.0,ok,9036.0,ok,73.0,ok,29.0,ok
35,data/automata/random/FINLESS.hoa:7812.1-7832.7,6,5,8,8,3,2,1,1,0,12.0,ok,13.0,ok,243.0,ok,42.0,ok,13.0,ok
36,data/automata/random/FINLESS.hoa:7833.1-7857.7,6,6,10,10,2,5,0,0,0,8.0,ok,8.0,ok,22.0,ok,18.0,ok,8.0,ok
37,data/automata/random/FINLESS.hoa:8087.1-8137.7,6,13,30,30,5,4,2,1,0,7.0,ok,7.0,ok,3411.0,ok,103.0,ok,10.0,ok
38,data/automata/random/FINLESS.hoa:8179.1-8223.7,6,13,24,24,4,3,2,1,0,20.0,ok,19.0,ok,448.0,ok,77.0,ok,19.0,ok
39,data/automata/random/FINLESS.hoa:8477.1-8734.7,6,72,178,178,10,19,6,1,0,847.0,ok,915.0,ok,,timeout,606.0,ok,2025.0,ok
40,data/automata/random/FINLESS.hoa:9113.1-9129.7,6,3,5,5,2,1,2,1,0,8.0,ok,7.0,ok,45.0,ok,13.0,ok,8.0,ok
41,data/automata/random/FINLESS.hoa:9130.1-9178.7,6,13,28,28,4,4,3,1,0,48.0,ok,35.0,ok,910.0,ok,121.0,ok,35.0,ok
42,data/automata/random/FINLESS.hoa:9521.1-9555.7,6,9,17,17,2,4,1,1,0,6.0,ok,8.0,ok,56.0,ok,26.0,ok,8.0,ok
43,data/automata/random/FINLESS.hoa:9972.1-9997.7,6,6,11,11,2,1,0,0,0,22.0,ok,17.0,ok,34.0,ok,31.0,ok,17.0,ok
44,data/automata/random/FINLESS.hoa:10222.1-10276.7,6,16,31,31,5,2,4,1,0,57.0,ok,38.0,ok,1509.0,ok,171.0,ok,35.0,ok
45,data/automata/random/FINLESS.hoa:10496.1-10573.7,6,16,53,53,4,3,8,1,0,36.0,ok,57.0,ok,612.0,ok,173.0,ok,61.0,ok
46,data/automata/random/FINLESS.hoa:11652.1-11785.7,6,28,98,98,6,6,5,1,0,109.0,ok,163.0,ok,,timeout,617.0,ok,130.0,ok
47,data/automata/random/FINLESS.hoa:11879.1-11929.7,6,15,28,28,3,6,3,1,0,8.0,ok,8.0,ok,722.0,ok,87.0,ok,10.0,ok
48,data/automata/random/FINLESS.hoa:11930.1-11986.7,6,15,34,34,5,4,3,1,0,40.0,ok,17.0,ok,926.0,ok,90.0,ok,31.0,ok
49,data/automata/random/FINLESS.hoa:12980.1-13091.7,6,30,74,74,9,14,7,1,0,29.0,ok,28.0,ok,,timeout,119.0,ok,21.0,ok
50,data/automata/random/FINLESS.hoa:13179.1-13233.7,6,16,31,31,9,5,3,1,0,84.0,ok,75.0,ok,,timeout,211.0,ok,77.0,ok
51,data/automata/random/FINLESS.hoa:13398.1-13706.7,6,83,218,218,12,36,5,1,0,146.0,ok,315.0,ok,,timeout,509.0,ok,206.0,ok
52,data/automata/random/FINLESS.hoa:13752.1-13831.7,6,21,51,51,8,6,5,1,0,226.0,ok,119.0,ok,,timeout,334.0,ok,119.0,ok
53,data/automata/random/FINLESS.hoa:14245.1-14277.7,6,8,17,17,3,2,2,1,0,12.0,ok,14.0,ok,475.0,ok,61.0,ok,14.0,ok
54,data/automata/random/FINLESS.hoa:14456.1-14510.7,6,16,31,31,7,6,1,1,0,41.0,ok,34.0,ok,4367.0,ok,119.0,ok,37.0,ok
55,data/automata/random/FINLESS.hoa:14993.1-15038.7,6,11,27,27,2,4,2,1,0,20.0,ok,21.0,ok,201.0,ok,66.0,ok,20.0,ok
56,data/automata/random/FINLESS.hoa:15302.1-15317.7,6,3,4,4,2,1,0,0,0,7.0,ok,6.0,ok,15.0,ok,12.0,ok,6.0,ok
57,data/automata/random/FINLESS.hoa:15318.1-15409.7,6,22,62,62,7,3,5,1,0,120.0,ok,75.0,ok,,timeout,553.0,ok,248.0,ok
58,data/automata/random/FINLESS.hoa:15497.1-15517.7,6,4,8,8,2,1,0,0,0,15.0,ok,11.0,ok,25.0,ok,21.0,ok,12.0,ok
59,data/automata/random/FINLESS.hoa:16072.1-16094.7,6,6,9,9,4,2,1,1,0,12.0,ok,12.0,ok,150.0,ok,41.0,ok,12.0,ok
60,data/automata/random/FINLESS.hoa:16254.1-16372.7,6,32,79,79,12,9,5,1,0,348.0,ok,614.0,ok,,timeout,446.0,ok,150.0,ok
61,data/automata/random/FINLESS.hoa:16821.1-16919.7,6,27,64,64,11,10,3,1,0,94.0,ok,72.0,ok,,timeout,237.0,ok,396.0,ok
62,data/automata/random/FINLESS.hoa:17779.1-17832.7,6,14,32,32,3,2,3,1,0,46.0,ok,29.0,ok,460.0,ok,120.0,ok,31.0,ok
63,data/automata/random/FINLESS.hoa:18104.1-18138.7,6,8,18,18,2,2,3,1,0,11.0,ok,10.0,ok,100.0,ok,42.0,ok,11.0,ok
64,data/automata/random/FINLESS.hoa:18818.1-18855.7,6,11,19,19,5,4,3,1,0,23.0,ok,21.0,ok,1581.0,ok,87.0,ok,17.0,ok
65,data/automata/random/FINLESS.hoa:19444.1-19676.7,6,54,171,171,8,9,7,1,0,276.0,ok,333.0,ok,,timeout,1442.0,ok,411.0,ok
66,data/automata/random/FINLESS.hoa:19677.1-19745.7,6,16,45,45,3,4,5,1,0,26.0,ok,26.0,ok,590.0,ok,49.0,ok,21.0,ok
67,data/automata/random/FINLESS.hoa:19746.1-19798.7,6,14,30,30,3,3,5,1,0,22.0,ok,20.0,ok,285.0,ok,77.0,ok,27.0,ok
68,data/automata/random/FINLESS.hoa:19799.1-19835.7,6,9,20,20,3,3,3,1,0,38.0,ok,29.0,ok,379.0,ok,82.0,ok,29.0,ok
69,data/automata/random/FINLESS.hoa:19898.1-19963.7,6,18,40,40,2,6,6,1,0,10.0,ok,12.0,ok,243.0,ok,69.0,ok,12.0,ok
70,data/automata/random/FINLESS.hoa:20210.1-20299.7,6,24,58,58,4,10,5,1,0,28.0,ok,26.0,ok,3022.0,ok,132.0,ok,27.0,ok
71,data/automata/random/FINLESS.hoa:20672.1-20753.7,6,21,52,52,3,4,6,1,0,36.0,ok,36.0,ok,749.0,ok,161.0,ok,59.0,ok
72,data/automata/random/FINLESS.hoa:21181.1-21287.7,6,28,71,71,5,10,6,1,0,144.0,ok,122.0,ok,,timeout,467.0,ok,119.0,ok
73,data/automata/random/FINLESS.hoa:21352.1-21423.7,6,18,46,46,4,3,4,1,0,207.0,ok,77.0,ok,2696.0,ok,254.0,ok,77.0,ok
74,data/automata/random/FINLESS.hoa:21424.1-21485.7,6,14,39,39,2,6,6,1,0,15.0,ok,16.0,ok,273.0,ok,52.0,ok,22.0,ok
75,data/automata/random/FINLESS.hoa:21732.1-21765.7,6,8,17,17,2,3,2,1,0,15.0,ok,15.0,ok,114.0,ok,41.0,ok,15.0,ok
76,data/automata/random/FINLESS.hoa:22123.1-22260.7,6,36,94,94,7,9,8,1,0,106.0,ok,69.0,ok,,timeout,294.0,ok,202.0,ok
77,data/automata/random/FINLESS.hoa:22555.1-22641.7,6,20,59,59,7,9,3,1,0,78.0,ok,57.0,ok,,timeout,256.0,ok,66.0,ok
78,data/automata/random/FINLESS.hoa:23116.1-23221.7,6,25,73,73,8,10,5,1,0,25.0,ok,21.0,ok,5109.0,ok,110.0,ok,25.0,ok
79,data/automata/random/FINLESS.hoa:23647.1-23724.7,6,23,47,47,8,17,2,1,0,24.0,ok,25.0,ok,,timeout,109.0,ok,25.0,ok
80,data/automata/random/FINLESS.hoa:25345.1-25362.7,6,3,6,6,2,1,1,1,0,6.0,ok,6.0,ok,54.0,ok,27.0,ok,7.0,ok
81,data/automata/random/FINLESS.hoa:25452.1-25511.7,6,16,36,36,3,5,6,1,0,11.0,ok,17.0,ok,616.0,ok,86.0,ok,14.0,ok
82,data/automata/random/FINLESS.hoa:25512.1-25538.7,6,7,12,12,4,2,1,1,0,10.0,ok,13.0,ok,295.0,ok,52.0,ok,13.0,ok
83,data/automata/random/FINLESS.hoa:25921.1-25967.7,6,13,26,26,4,6,4,1,0,7.0,ok,8.0,ok,154.0,ok,50.0,ok,8.0,ok
84,data/automata/random/FINLESS.hoa:26121.1-26174.7,6,12,34,34,5,2,3,1,0,66.0,ok,50.0,ok,963.0,ok,115.0,ok,114.0,ok
85,data/automata/random/FINLESS.hoa:26205.1-26245.7,6,11,22,22,4,5,3,1,0,6.0,ok,7.0,ok,241.0,ok,31.0,ok,7.0,ok
86,data/automata/random/FINLESS.hoa:26567.1-26602.7,6,9,19,19,4,3,2,1,0,13.0,ok,12.0,ok,293.0,ok,69.0,ok,13.0,ok
87,data/automata/random/FINLESS.hoa:26779.1-26825.7,6,13,26,26,4,6,3,1,0,24.0,ok,30.0,ok,898.0,ok,126.0,ok,31.0,ok
88,data/automata/random/FINLESS.hoa:26908.1-26930.7,6,5,9,9,2,3,0,0,0,11.0,ok,9.0,ok,21.0,ok,18.0,ok,9.0,ok
89,data/automata/random/FINLESS.hoa:26951.1-26985.7,6,9,18,18,3,2,1,1,0,15.0,ok,11.0,ok,284.0,ok,72.0,ok,13.0,ok
90,data/automata/random/FINLESS.hoa:27964.1-28035.7,6,22,42,42,7,4,4,1,0,62.0,ok,43.0,ok,5111.0,ok,158.0,ok,44.0,ok
91,data/automata/random/FINLESS.hoa:28870.1-28921.7,6,14,30,30,5,7,3,1,0,22.0,ok,21.0,ok,1462.0,ok,92.0,ok,21.0,ok
92,data/automata/random/FINLESS.hoa:29384.1-29466.7,6,23,52,52,6,11,4,1,0,30.0,ok,38.0,ok,2161.0,ok,156.0,ok,45.0,ok
93,data/automata/random/FINLESS.hoa:29706.1-29755.7,6,10,31,31,2,2,5,1,0,24.0,ok,30.0,ok,237.0,ok,63.0,ok,26.0,ok
94,data/automata/random/FINLESS.hoa:29781.1-29842.7,6,16,37,37,3,3,5,1,0,30.0,ok,34.0,ok,440.0,ok,125.0,ok,40.0,ok
95,data/automata/random/FINLESS.hoa:29885.1-29931.7,6,12,26,26,2,3,2,1,0,24.0,ok,23.0,ok,216.0,ok,98.0,ok,19.0,ok
96,data/automata/random/FINLESS.hoa:30618.1-30692.7,6,17,50,50,2,4,4,1,0,24.0,ok,27.0,ok,672.0,ok,123.0,ok,32.0,ok
97,data/automata/random/FINLESS.hoa:31559.1-31621.7,6,18,37,37,5,4,3,1,0,34.0,ok,51.0,ok,1477.0,ok,175.0,ok,48.0,ok
98,data/automata/random/FINLESS.hoa:31804.1-31829.7,6,7,10,10,2,1,0,0,0,20.0,ok,15.0,ok,34.0,ok,31.0,ok,16.0,ok
99,data/automata/random/FINLESS.hoa:32139.1-32174.7,6,9,19,19,4,6,2,1,0,8.0,ok,7.0,ok,244.0,ok,36.0,ok,7.0,ok
100,data/automata/random/FINLESS.hoa:32652.1-32765.7,6,29,77,77,11,7,6,1,0,175.0,ok,104.0,ok,,timeout,856.0,ok,188.0,ok
101,data/automata/random/FINLESS.hoa:32855.1-32953.7,6,26,65,65,7,9,6,1,0,18.0,ok,30.0,ok,,timeout,460.0,ok,36.0,ok
102,data/automata/random/FINLESS.hoa:33473.1-33549.7,6,15,53,53,2,2,5,1,0,25.0,ok,27.0,ok,276.0,ok,89.0,ok,32.0,ok
103,data/automata/random/FINLESS.hoa:33550.1-33635.7,6,19,58,58,2,2,6,1,0,34.0,ok,33.0,ok,81.0,ok,56.0,ok,25.0,ok
104,data/automata/random/FINLESS.hoa:33797.1-33833.7,6,9,19,19,2,2,1,1,0,12.0,ok,12.0,ok,126.0,ok,70.0,ok,11.0,ok
105,data/automata/random/FINLESS.hoa:33834.1-33939.7,6,28,70,70,7,8,2,1,0,39.0,ok,30.0,ok,,timeout,274.0,ok,34.0,ok
106,data/automata/random/FINLESS.hoa:34264.1-34330.7,6,14,44,44,4,5,5,1,0,42.0,ok,52.0,ok,413.0,ok,99.0,ok,72.0,ok
107,data/automata/random/FINLESS.hoa:34331.1-34361.7,6,7,16,16,5,3,2,1,0,9.0,ok,9.0,ok,167.0,ok,25.0,ok,11.0,ok
108,data/automata/random/FINLESS.hoa:35329.1-35390.7,6,18,36,36,6,8,3,1,0,7.0,ok,7.0,ok,759.0,ok,119.0,ok,17.0,ok
109,data/automata/random/FINLESS.hoa:35556.1-35611.7,6,16,32,32,4,9,3,1,0,18.0,ok,15.0,ok,513.0,ok,80.0,ok,15.0,ok
110,data/automata/random/FINLESS.hoa:35687.1-35732.7,6,12,26,26,7,4,3,1,0,22.0,ok,17.0,ok,4603.0,ok,66.0,ok,20.0,ok
111,data/automata/random/FINLESS.hoa:35910.1-35936.7,6,7,12,12,8,5,1,1,0,6.0,ok,6.0,ok,660.0,ok,32.0,ok,7.0,ok
112,data/automata/random/FINLESS.hoa:36159.1-36247.7,6,26,55,55,8,10,5,1,0,10.0,ok,11.0,ok,,timeout,68.0,ok,11.0,ok
113,data/automata/random/FINLESS.hoa:36402.1-36510.7,6,26,75,75,7,8,7,1,0,194.0,ok,121.0,ok,,timeout,625.0,ok,201.0,ok
114,data/automata/random/FINLESS.hoa:36511.1-36647.7,6,42,87,87,9,21,5,1,0,21.0,ok,28.0,ok,,timeout,141.0,ok,23.0,ok
115,data/automata/random/FINLESS.hoa:37471.1-37554.7,6,22,54,54,7,7,8,1,0,7.0,ok,9.0,ok,,timeout,59.0,ok,10.0,ok
116,data/automata/random/FINLESS.hoa:37840.1-37937.7,6,24,66,66,5,9,5,1,0,13.0,ok,13.0,ok,3160.0,ok,101.0,ok,21.0,ok
117,data/automata/random/FINLESS.hoa:38328.1-38349.7,6,5,9,9,2,3,0,0,0,6.0,ok,6.0,ok,18.0,ok,14.0,ok,6.0,ok
118,data/automata/random/FINLESS.hoa:38657.1-38685.7,6,7,14,14,4,4,3,1,0,26.0,ok,25.0,ok,1196.0,ok,59.0,ok,25.0,ok
119,data/automata/random/FINLESS.hoa:39231.1-39307.7,6,23,46,46,9,9,3,1,0,19.0,ok,20.0,ok,,timeout,92.0,ok,25.0,ok
120,data/automata/random/FINLESS.hoa:39553.1-39690.7,6,35,95,95,12,7,5,1,0,496.0,ok,190.0,ok,,timeout,738.0,ok,1343.0,ok
121,data/automata/random/FINLESS.hoa:39847.1-39897.7,6,13,30,30,4,4,3,1,0,13.0,ok,13.0,ok,294.0,ok,48.0,ok,19.0,ok
122,data/automata/random/FINLESS.hoa:39898.1-39941.7,6,12,24,24,7,8,2,1,0,9.0,ok,9.0,ok,1916.0,ok,50.0,ok,10.0,ok
123,data/automata/random/FINLESS.hoa:39942.1-40000.7,6,15,35,35,2,5,6,1,0,18.0,ok,18.0,ok,174.0,ok,71.0,ok,25.0,ok
124,data/automata/random/FINLESS.hoa:40132.1-40200.7,6,20,41,41,6,5,3,1,0,28.0,ok,27.0,ok,1517.0,ok,82.0,ok,35.0,ok
125,data/automata/random/FINLESS.hoa:40486.1-40517.7,6,7,17,17,3,2,1,1,0,17.0,ok,16.0,ok,272.0,ok,50.0,ok,16.0,ok
126,data/automata/random/FINLESS.hoa:40661.1-40755.7,6,23,64,64,8,5,4,1,0,60.0,ok,97.0,ok,,timeout,300.0,ok,151.0,ok
127,data/automata/random/FINLESS.hoa:40896.1-40953.7,6,17,33,33,10,5,5,1,0,28.0,ok,27.0,ok,,timeout,82.0,ok,27.0,ok
128,data/automata/random/FINLESS.hoa:40980.1-41027.7,6,13,27,27,3,5,2,1,0,15.0,ok,17.0,ok,336.0,ok,63.0,ok,13.0,ok
129,data/automata/random/FINLESS.hoa:41028.1-41080.7,6,16,29,29,6,7,2,1,0,18.0,ok,17.0,ok,3147.0,ok,72.0,ok,18.0,ok
130,data/automata/random/FINLESS.hoa:41263.1-41379.7,6,28,81,81,4,4,6,1,0,163.0,ok,183.0,ok,,timeout,556.0,ok,218.0,ok
131,data/automata/random/FINLESS.hoa:41613.1-41690.7,6,23,47,47,7,5,4,1,0,26.0,ok,27.0,ok,,timeout,107.0,ok,21.0,ok
132,data/automata/random/FINLESS.hoa:41691.1-41770.7,6,20,52,52,7,4,3,1,0,67.0,ok,90.0,ok,,timeout,212.0,ok,96.0,ok
133,data/automata/random/FINLESS.hoa:43007.1-43090.7,6,21,55,55,7,5,5,1,0,120.0,ok,71.0,ok,,timeout,181.0,ok,146.0,ok
134,data/automata/random/FINLESS.hoa:44185.1-44231.7,6,11,28,28,3,6,3,1,0,6.0,ok,6.0,ok,629.0,ok,95.0,ok,11.0,ok
135,data/automata/random/FINLESS.hoa:45200.1-45218.7,6,4,7,7,3,3,1,1,0,8.0,ok,8.0,ok,36.0,ok,19.0,ok,8.0,ok
136,data/automata/random/FINLESS.hoa:45219.1-45322.7,6,24,72,72,4,4,6,1,0,42.0,ok,38.0,ok,1836.0,ok,208.0,ok,41.0,ok
137,data/automata/random/FINLESS.hoa:45323.1-45380.7,6,13,37,37,2,3,5,1,0,16.0,ok,14.0,ok,319.0,ok,80.0,ok,14.0,ok
138,data/automata/random/FINLESS.hoa:45381.1-45463.7,6,24,51,51,5,7,5,1,0,40.0,ok,28.0,ok,,timeout,155.0,ok,47.0,ok
139,data/automata/random/FINLESS.hoa:45588.1-45628.7,6,10,23,23,3,3,1,1,0,9.0,ok,9.0,ok,305.0,ok,78.0,ok,10.0,ok
140,data/automata/random/FINLESS.hoa:45829.1-45881.7,6,13,32,32,5,2,3,1,0,71.0,ok,75.0,ok,3109.0,ok,212.0,ok,264.0,ok
141,data/automata/random/FINLESS.hoa:45882.1-45929.7,6,14,26,26,6,5,3,1,0,25.0,ok,30.0,ok,1391.0,ok,122.0,ok,37.0,ok
142,data/automata/random/FINLESS.hoa:46284.1-46344.7,6,18,35,35,5,5,3,1,0,16.0,ok,15.0,ok,547.0,ok,53.0,ok,19.0,ok
143,data/automata/random/FINLESS.hoa:46558.1-46591.7,6,8,18,18,4,3,4,1,0,5.0,ok,5.0,ok,575.0,ok,57.0,ok,11.0,ok
144,data/automata/random/FINLESS.hoa:47035.1-47077.7,6,11,24,24,7,4,3,1,0,28.0,ok,27.0,ok,2112.0,ok,105.0,ok,27.0,ok
145,data/automata/random/FINLESS.hoa:48133.1-48321.7,6,49,132,132,9,16,4,1,0,174.0,ok,366.0,ok,,timeout,494.0,ok,452.0,ok
146,data/automata/random/FINLESS.hoa:48622.1-48658.7,6,10,19,19,4,4,2,1,0,22.0,ok,15.0,ok,1710.0,ok,58.0,ok,16.0,ok
147,data/automata/random/FINLESS.hoa:48714.1-48771.7,6,17,33,33,4,7,3,1,0,17.0,ok,15.0,ok,402.0,ok,70.0,ok,22.0,ok
148,data/automata/random/FINLESS.hoa:48905.1-49048.7,6,39,97,97,13,15,3,1,0,8.0,ok,8.0,ok,,timeout,580.0,ok,103.0,ok
149,data/automata/random/FINLESS.hoa:49374.1-49432.7,6,16,35,35,4,10,3,1,0,24.0,ok,24.0,ok,842.0,ok,82.0,ok,26.0,ok
150,data/automata/random/FINLESS.hoa:49676.1-49695.7,6,5,7,7,4,1,0,0,0,11.0,ok,10.0,ok,72.0,ok,57.0,ok,10.0,ok
151,data/automata/random/FINLESS.hoa:49932.1-49994.7,6,19,36,36,7,8,3,1,0,10.0,ok,10.0,ok,1721.0,ok,68.0,ok,10.0,ok
152,data/automata/random/FINLESS.hoa:50011.1-50124.7,6,27,78,78,3,2,6,1,0,77.0,ok,98.0,ok,363.0,ok,137.0,ok,132.0,ok
153,data/automata/random/FINLESS.hoa:50428.1-50493.7,6,20,38,38,7,15,2,1,0,7.0,ok,8.0,ok,582.0,ok,34.0,ok,8.0,ok
154,data/automata/random/FINLESS.hoa:50988.1-51167.7,6,45,127,127,12,16,6,1,0,89.0,ok,54.0,ok,,timeout,1393.0,ok,73.0,ok
155,data/automata/random/FINLESS.hoa:51238.1-51306.7,6,17,44,44,3,5,5,1,0,22.0,ok,25.0,ok,697.0,ok,96.0,ok,18.0,ok
156,data/automata/random/FINLESS.hoa:161.1-231.7,5,18,45,45,10,4,6,1,0,92.0,ok,133.0,ok,,timeout,357.0,ok,255.0,ok
157,data/automata/random/FINLESS.hoa:1465.1-1516.7,5,13,31,31,3,6,4,1,0,7.0,ok,7.0,ok,492.0,ok,113.0,ok,11.0,ok
158,data/automata/random/FINLESS.hoa:1713.1-1804.7,5,24,60,60,10,11,4,1,0,29.0,ok,28.0,ok,,timeout,464.0,ok,21.0,ok
159,data/automata/random/FINLESS.hoa:2099.1-2137.7,5,9,22,22,3,3,2,1,0,21.0,ok,25.0,ok,386.0,ok,76.0,ok,28.0,ok
160,data/automata/random/FINLESS.hoa:2423.1-2484.7,5,17,37,37,5,6,4,1,0,31.0,ok,32.0,ok,1737.0,ok,78.0,ok,26.0,ok
161,data/automata/random/FINLESS.hoa:2564.1-2631.7,5,19,41,41,5,5,3,1,0,85.0,ok,60.0,ok,2667.0,ok,169.0,ok,139.0,ok
162,data/automata/random/FINLESS.hoa:2632.1-2704.7,5,18,47,47,5,3,4,1,0,48.0,ok,46.0,ok,3611.0,ok,179.0,ok,56.0,ok
163,data/automata/random/FINLESS.hoa:2705.1-2724.7,5,5,7,7,3,2,1,1,0,13.0,ok,9.0,ok,118.0,ok,36.0,ok,10.0,ok
164,data/automata/random/FINLESS.hoa:2725.1-2817.7,5,25,60,60,8,4,5,1,0,80.0,ok,65.0,ok,,timeout,322.0,ok,71.0,ok
165,data/automata/random/FINLESS.hoa:2978.1-3013.7,5,9,19,19,4,3,1,1,0,28.0,ok,24.0,ok,261.0,ok,48.0,ok,24.0,ok
166,data/automata/random/FINLESS.hoa:3065.1-3218.7,5,48,98,98,11,17,7,1,0,35.0,ok,39.0,ok,,timeout,187.0,ok,49.0,ok
167,data/automata/random/FINLESS.hoa:3317.1-3355.7,5,10,20,20,3,3,2,1,0,11.0,ok,7.0,ok,147.0,ok,51.0,ok,10.0,ok
168,data/automata/random/FINLESS.hoa:3372.1-3384.7,5,2,3,3,2,2,0,0,0,3.0,ok,3.0,ok,8.0,ok,7.0,ok,3.0,ok
169,data/automata/random/FINLESS.hoa:3996.1-4030.7,5,9,17,17,2,4,3,1,0,6.0,ok,6.0,ok,52.0,ok,31.0,ok,9.0,ok
170,data/automata/random/FINLESS.hoa:4909.1-4962.7,5,14,32,32,3,4,3,1,0,26.0,ok,31.0,ok,1103.0,ok,115.0,ok,27.0,ok
171,data/automata/random/FINLESS.hoa:5157.1-5185.7,5,6,14,14,2,1,0,0,0,11.0,ok,9.0,ok,34.0,ok,29.0,ok,9.0,ok
172,data/automata/random/FINLESS.hoa:5412.1-5443.7,5,8,16,16,2,3,1,1,0,7.0,ok,7.0,ok,81.0,ok,39.0,ok,8.0,ok
173,data/automata/random/FINLESS.hoa:5444.1-5546.7,5,24,71,71,4,3,7,1,0,45.0,ok,36.0,ok,1815.0,ok,221.0,ok,44.0,ok
174,data/automata/random/FINLESS.hoa:5757.1-5811.7,5,14,32,32,2,6,7,1,0,9.0,ok,9.0,ok,109.0,ok,34.0,ok,9.0,ok
175,data/automata/random/FINLESS.hoa:5812.1-5892.7,5,21,52,52,2,4,5,1,0,27.0,ok,34.0,ok,709.0,ok,132.0,ok,37.0,ok
176,data/automata/random/FINLESS.hoa:6544.1-6594.7,5,11,31,31,3,2,4,1,0,16.0,ok,18.0,ok,231.0,ok,77.0,ok,21.0,ok
177,data/automata/random/FINLESS.hoa:7774.1-7811.7,5,10,20,20,3,4,2,1,0,18.0,ok,14.0,ok,575.0,ok,85.0,ok,22.0,ok
178,data/automata/random/FINLESS.hoa:7858.1-7908.7,5,15,28,28,2,5,5,1,0,8.0,ok,12.0,ok,216.0,ok,49.0,ok,12.0,ok
179,data/automata/random/FINLESS.hoa:8138.1-8162.7,5,6,10,10,3,2,1,1,0,6.0,ok,7.0,ok,122.0,ok,34.0,ok,7.0,ok
180,data/automata/random/FINLESS.hoa:8224.1-8253.7,5,7,15,15,4,3,1,1,0,13.0,ok,12.0,ok,142.0,ok,38.0,ok,13.0,ok
181,data/automata/random/FINLESS.hoa:8291.1-8439.7,5,36,105,105,10,9,5,1,0,195.0,ok,314.0,ok,,timeout,652.0,ok,461.0,ok
182,data/automata/random/FINLESS.hoa:9179.1-9237.7,5,16,35,35,8,6,4,1,0,14.0,ok,14.0,ok,1179.0,ok,83.0,ok,19.0,ok
183,data/automata/random/FINLESS.hoa:9688.1-9795.7,5,29,71,71,2,7,7,1,0,45.0,ok,37.0,ok,880.0,ok,142.0,ok,45.0,ok
184,data/automata/random/FINLESS.hoa:9796.1-9844.7,5,11,30,30,8,3,3,1,0,229.0,ok,73.0,ok,3571.0,ok,192.0,ok,91.0,ok
185,data/automata/random/FINLESS.hoa:10103.1-10221.7,5,28,82,82,3,2,9,1,0,61.0,ok,103.0,ok,2293.0,ok,498.0,ok,109.0,ok
186,data/automata/random/FINLESS.hoa:10329.1-10356.7,5,7,13,13,6,5,2,1,0,4.0,ok,5.0,ok,175.0,ok,22.0,ok,5.0,ok
187,data/automata/random/FINLESS.hoa:10826.1-10862.7,5,9,20,20,4,3,1,1,0,19.0,ok,19.0,ok,784.0,ok,82.0,ok,18.0,ok
188,data/automata/random/FINLESS.hoa:10863.1-11001.7,5,36,95,95,4,15,8,1,0,24.0,ok,41.0,ok,15555.0,ok,179.0,ok,33.0,ok
189,data/automata/random/FINLESS.hoa:11064.1-11135.7,5,21,43,43,5,4,2,1,0,29.0,ok,23.0,ok,3916.0,ok,103.0,ok,32.0,ok
190,data/automata/random/FINLESS.hoa:11987.1-12028.7,5,12,22,22,5,5,2,1,0,20.0,ok,16.0,ok,730.0,ok,75.0,ok,16.0,ok
191,data/automata/random/FINLESS.hoa:12379.1-12478.7,5,26,66,66,7,10,5,1,0,110.0,ok,178.0,ok,,timeout,288.0,ok,121.0,ok
192,data/automata/random/FINLESS.hoa:12721.1-12871.7,5,35,108,108,11,10,10,1,0,195.0,ok,65.0,ok,,timeout,533.0,ok,203.0,ok
193,data/automata/random/FINLESS.hoa:12872.1-12935.7,5,17,39,39,3,7,2,1,0,17.0,ok,15.0,ok,415.0,ok,94.0,ok,16.0,ok
194,data/automata/random/FINLESS.hoa:13092.1-13178.7,5,28,51,51,9,13,2,1,0,21.0,ok,23.0,ok,,timeout,66.0,ok,25.0,ok
195,data/automata/random/FINLESS.hoa:13832.1-13852.7,5,5,8,8,5,3,1,1,0,5.0,ok,5.0,ok,237.0,ok,46.0,ok,6.0,ok
196,data/automata/random/FINLESS.hoa:14058.1-14090.7,5,9,16,16,4,5,1,1,0,14.0,ok,14.0,ok,319.0,ok,45.0,ok,16.0,ok
197,data/automata/random/FINLESS.hoa:14372.1-14455.7,5,23,53,53,5,5,5,1,0,28.0,ok,36.0,ok,7657.0,ok,213.0,ok,41.0,ok
198,data/automata/random/FINLESS.hoa:14511.1-14606.7,5,25,63,63,9,10,5,1,0,42.0,ok,78.0,ok,,timeout,161.0,ok,75.0,ok
199,data/automata/random/FINLESS.hoa:14969.1-14992.7,5,5,11,11,3,3,2,1,0,7.0,ok,6.0,ok,76.0,ok,21.0,ok,7.0,ok
200,data/automata/random/FINLESS.hoa:16664.1-16710.7,5,12,27,27,5,5,2,1,0,9.0,ok,9.0,ok,1248.0,ok,80.0,ok,12.0,ok
201,data/automata/random/FINLESS.hoa:17526.1-17778.7,5,60,185,185,11,16,8,1,0,631.0,ok,1419.0,ok,,timeout,961.0,ok,2118.0,ok
202,data/automata/random/FINLESS.hoa:17833.1-17876.7,5,10,26,26,3,2,2,1,0,10.0,ok,10.0,ok,519.0,ok,99.0,ok,12.0,ok
203,data/automata/random/FINLESS.hoa:18139.1-18282.7,5,36,100,100,7,6,7,1,0,91.0,ok,117.0,ok,,timeout,558.0,ok,82.0,ok
204,data/automata/random/FINLESS.hoa:18675.1-18696.7,5,5,8,8,2,2,0,0,0,10.0,ok,9.0,ok,20.0,ok,17.0,ok,10.0,ok
205,data/automata/random/FINLESS.hoa:19029.1-19053.7,5,6,10,10,3,1,0,0,0,9.0,ok,9.0,ok,41.0,ok,29.0,ok,11.0,ok
206,data/automata/random/FINLESS.hoa:19217.1-19261.7,5,10,27,27,3,4,4,1,0,49.0,ok,35.0,ok,567.0,ok,88.0,ok,35.0,ok
207,data/automata/random/FINLESS.hoa:19836.1-19897.7,5,17,37,37,4,5,3,1,0,54.0,ok,31.0,ok,1222.0,ok,147.0,ok,43.0,ok
208,data/automata/random/FINLESS.hoa:20066.1-20160.7,5,25,62,62,4,6,6,1,0,63.0,ok,49.0,ok,14812.0,ok,161.0,ok,60.0,ok
209,data/automata/random/FINLESS.hoa:20300.1-20360.7,5,15,37,37,2,8,6,1,0,9.0,ok,10.0,ok,93.0,ok,36.0,ok,10.0,ok
210,data/automata/random/FINLESS.hoa:20447.1-20522.7,5,19,49,49,4,6,4,1,0,74.0,ok,59.0,ok,993.0,ok,99.0,ok,75.0,ok
211,data/automata/random/FINLESS.hoa:20754.1-20870.7,5,34,75,75,6,16,5,1,0,26.0,ok,33.0,ok,,timeout,197.0,ok,21.0,ok
212,data/automata/random/FINLESS.hoa:21589.1-21654.7,5,18,40,40,8,7,4,1,0,24.0,ok,24.0,ok,974.0,ok,109.0,ok,31.0,ok
213,data/automata/random/FINLESS.hoa:21861.1-21989.7,5,34,87,87,10,9,7,1,0,191.0,ok,136.0,ok,,timeout,418.0,ok,315.0,ok
214,data/automata/random/FINLESS.hoa:22517.1-22554.7,5,10,20,20,3,3,2,1,0,25.0,ok,26.0,ok,325.0,ok,80.0,ok,25.0,ok
215,data/automata/random/FINLESS.hoa:22642.1-22666.7,5,7,10,10,3,3,1,1,0,7.0,ok,7.0,ok,102.0,ok,36.0,ok,8.0,ok
216,data/automata/random/FINLESS.hoa:22667.1-22712.7,5,12,26,26,8,6,3,1,0,15.0,ok,15.0,ok,838.0,ok,51.0,ok,19.0,ok
217,data/automata/random/FINLESS.hoa:22789.1-22890.7,5,27,67,67,9,16,7,1,0,52.0,ok,20.0,ok,,timeout,243.0,ok,81.0,ok
218,data/automata/random/FINLESS.hoa:23013.1-23081.7,5,15,45,45,6,3,5,1,0,72.0,ok,85.0,ok,886.0,ok,153.0,ok,115.0,ok
219,data/automata/random/FINLESS.hoa:23222.1-23292.7,5,16,47,47,5,6,4,1,0,16.0,ok,16.0,ok,1089.0,ok,73.0,ok,23.0,ok
220,data/automata/random/FINLESS.hoa:23783.1-23951.7,5,54,107,107,9,25,7,1,0,51.0,ok,45.0,ok,,timeout,210.0,ok,37.0,ok
221,data/automata/random/FINLESS.hoa:24333.1-24419.7,5,22,57,57,4,6,5,1,0,37.0,ok,39.0,ok,2142.0,ok,151.0,ok,44.0,ok
222,data/automata/random/FINLESS.hoa:24420.1-24452.7,5,8,17,17,3,3,2,1,0,23.0,ok,21.0,ok,487.0,ok,68.0,ok,21.0,ok
223,data/automata/random/FINLESS.hoa:24453.1-24506.7,5,16,30,30,3,5,5,1,0,42.0,ok,31.0,ok,518.0,ok,68.0,ok,38.0,ok
224,data/automata/random/FINLESS.hoa:24507.1-24615.7,5,34,67,67,9,11,4,1,0,27.0,ok,28.0,ok,,timeout,135.0,ok,32.0,ok
225,data/automata/random/FINLESS.hoa:24616.1-24665.7,5,14,28,28,2,4,3,1,0,11.0,ok,13.0,ok,405.0,ok,71.0,ok,13.0,ok
226,data/automata/random/FINLESS.hoa:24666.1-24708.7,5,13,22,22,2,5,2,1,0,6.0,ok,8.0,ok,73.0,ok,33.0,ok,8.0,ok
227,data/automata/random/FINLESS.hoa:24785.1-24810.7,5,6,11,11,2,1,0,0,0,13.0,ok,12.0,ok,25.0,ok,22.0,ok,12.0,ok
228,data/automata/random/FINLESS.hoa:24868.1-25015.7,5,39,101,101,11,18,7,1,0,53.0,ok,41.0,ok,,timeout,226.0,ok,62.0,ok
229,data/automata/random/FINLESS.hoa:25225.1-25288.7,5,18,38,38,4,9,4,1,0,21.0,ok,17.0,ok,359.0,ok,85.0,ok,14.0,ok
230,data/automata/random/FINLESS.hoa:25785.1-25800.7,5,3,5,5,4,1,0,0,0,4.0,ok,4.0,ok,43.0,ok,21.0,ok,4.0,ok
231,data/automata/random/FINLESS.hoa:25801.1-25920.7,5,32,80,80,9,13,7,1,0,57.0,ok,81.0,ok,,timeout,170.0,ok,66.0,ok
232,data/automata/random/FINLESS.hoa:25968.1-26030.7,5,18,37,37,5,7,3,1,0,17.0,ok,15.0,ok,1459.0,ok,107.0,ok,16.0,ok
233,data/automata/random/FINLESS.hoa:26031.1-26078.7,5,11,29,29,2,2,4,1,0,24.0,ok,19.0,ok,312.0,ok,83.0,ok,19.0,ok
234,data/automata/random/FINLESS.hoa:26388.1-26471.7,5,23,53,53,4,5,6,1,0,70.0,ok,72.0,ok,,timeout,253.0,ok,83.0,ok
235,data/automata/random/FINLESS.hoa:26659.1-26685.7,5,6,13,13,10,5,0,0,0,6.0,ok,6.0,ok,314.0,ok,19.0,ok,7.0,ok
236,data/automata/random/FINLESS.hoa:26826.1-26907.7,5,25,49,49,9,18,3,1,0,7.0,ok,10.0,ok,2744.0,ok,49.0,ok,10.0,ok
237,data/automata/random/FINLESS.hoa:27248.1-27420.7,5,50,115,115,14,19,5,1,0,118.0,ok,220.0,ok,,timeout,443.0,ok,122.0,ok
238,data/automata/random/FINLESS.hoa:27513.1-27657.7,5,49,88,88,13,25,4,1,0,16.0,ok,17.0,ok,,timeout,108.0,ok,16.0,ok
239,data/automata/random/FINLESS.hoa:28259.1-28311.7,5,12,32,32,4,5,5,1,0,30.0,ok,37.0,ok,264.0,ok,71.0,ok,44.0,ok
240,data/automata/random/FINLESS.hoa:28312.1-28351.7,5,11,21,21,4,2,2,1,0,53.0,ok,39.0,ok,519.0,ok,125.0,ok,39.0,ok
241,data/automata/random/FINLESS.hoa:28758.1-28777.7,5,4,7,7,3,1,0,0,0,10.0,ok,9.0,ok,25.0,ok,16.0,ok,12.0,ok
242,data/automata/random/FINLESS.hoa:28778.1-28816.7,5,10,21,21,3,4,4,1,0,10.0,ok,10.0,ok,323.0,ok,46.0,ok,14.0,ok
243,data/automata/random/FINLESS.hoa:29209.1-29326.7,5,28,81,81,4,2,13,1,0,63.0,ok,76.0,ok,1788.0,ok,285.0,ok,67.0,ok
244,data/automata/random/FINLESS.hoa:29327.1-29383.7,5,15,33,33,3,5,3,1,0,13.0,ok,14.0,ok,267.0,ok,71.0,ok,14.0,ok
245,data/automata/random/FINLESS.hoa:29756.1-29780.7,5,6,11,11,4,4,1,1,0,12.0,ok,11.0,ok,113.0,ok,39.0,ok,9.0,ok
246,data/automata/random/FINLESS.hoa:30176.1-30201.7,5,6,12,12,3,4,1,1,0,10.0,ok,11.0,ok,236.0,ok,32.0,ok,10.0,ok
247,data/automata/random/FINLESS.hoa:30383.1-30400.7,5,3,6,6,2,1,0,0,0,8.0,ok,7.0,ok,18.0,ok,11.0,ok,7.0,ok
248,data/automata/random/FINLESS.hoa:30517.1-30564.7,5,11,28,28,3,6,5,1,0,8.0,ok,7.0,ok,415.0,ok,63.0,ok,6.0,ok
249,data/automata/random/FINLESS.hoa:30808.1-30890.7,5,23,52,52,5,7,8,1,0,73.0,ok,47.0,ok,4302.0,ok,419.0,ok,62.0,ok
250,data/automata/random/FINLESS.hoa:30891.1-31005.7,5,35,72,72,10,19,4,1,0,11.0,ok,14.0,ok,,timeout,83.0,ok,19.0,ok
251,data/automata/random/FINLESS.hoa:31368.1-31441.7,5,21,45,45,6,6,4,1,0,18.0,ok,24.0,ok,3323.0,ok,96.0,ok,18.0,ok
252,data/automata/random/FINLESS.hoa:31442.1-31519.7,5,20,50,50,5,8,5,1,0,44.0,ok,43.0,ok,6383.0,ok,171.0,ok,43.0,ok
253,data/automata/random/FINLESS.hoa:31830.1-31868.7,5,11,20,20,3,3,2,1,0,17.0,ok,16.0,ok,283.0,ok,77.0,ok,14.0,ok
254,data/automata/random/FINLESS.hoa:31959.1-32001.7,5,11,23,23,2,2,3,1,0,15.0,ok,15.0,ok,183.0,ok,65.0,ok,15.0,ok
255,data/automata/random/FINLESS.hoa:32002.1-32138.7,5,40,89,89,8,12,5,1,0,105.0,ok,79.0,ok,,timeout,461.0,ok,114.0,ok
256,data/automata/random/FINLESS.hoa:33088.1-33126.7,5,10,20,20,2,2,3,1,0,15.0,ok,14.0,ok,63.0,ok,47.0,ok,21.0,ok
257,data/automata/random/FINLESS.hoa:33338.1-33372.7,5,10,17,17,4,5,2,1,0,6.0,ok,6.0,ok,410.0,ok,45.0,ok,10.0,ok
258,data/automata/random/FINLESS.hoa:34021.1-34092.7,5,21,43,43,7,10,3,1,0,10.0,ok,12.0,ok,1370.0,ok,70.0,ok,12.0,ok
259,data/automata/random/FINLESS.hoa:34093.1-34115.7,5,5,9,9,2,2,0,0,0,7.0,ok,7.0,ok,21.0,ok,18.0,ok,7.0,ok
260,data/automata/random/FINLESS.hoa:34116.1-34189.7,5,21,45,45,9,6,4,1,0,8.0,ok,9.0,ok,2870.0,ok,75.0,ok,10.0,ok
261,data/automata/random/FINLESS.hoa:34362.1-34402.7,5,10,23,23,6,3,1,1,0,21.0,ok,19.0,ok,535.0,ok,106.0,ok,19.0,ok
262,data/automata/random/FINLESS.hoa:34403.1-34481.7,5,23,48,48,5,9,3,1,0,37.0,ok,33.0,ok,10895.0,ok,146.0,ok,33.0,ok
263,data/automata/random/FINLESS.hoa:34482.1-34894.7,5,123,282,282,13,69,5,1,0,1528.0,ok,4882.0,ok,,timeout,,timeout,4314.0,ok
264,data/automata/random/FINLESS.hoa:34895.1-34994.7,5,23,69,69,4,3,6,1,0,53.0,ok,63.0,ok,2192.0,ok,159.0,ok,58.0,ok
265,data/automata/random/FINLESS.hoa:35391.1-35411.7,5,5,8,8,6,2,1,1,0,11.0,ok,11.0,ok,70.0,ok,23.0,ok,11.0,ok
266,data/automata/random/FINLESS.hoa:35468.1-35491.7,5,5,10,10,3,2,0,0,0,10.0,ok,9.0,ok,29.0,ok,14.0,ok,13.0,ok
267,data/automata/random/FINLESS.hoa:35733.1-35804.7,5,20,44,44,11,13,3,1,0,10.0,ok,10.0,ok,8480.0,ok,177.0,ok,18.0,ok
268,data/automata/random/FINLESS.hoa:36110.1-36158.7,5,12,29,29,3,4,4,1,0,8.0,ok,9.0,ok,85.0,ok,43.0,ok,9.0,ok
269,data/automata/random/FINLESS.hoa:36744.1-36769.7,5,6,12,12,3,2,1,1,0,14.0,ok,13.0,ok,139.0,ok,35.0,ok,13.0,ok
270,data/automata/random/FINLESS.hoa:36831.1-36969.7,5,38,93,93,7,12,6,1,0,66.0,ok,75.0,ok,,timeout,192.0,ok,75.0,ok
271,data/automata/random/FINLESS.hoa:37103.1-37135.7,5,9,16,16,4,2,1,1,0,26.0,ok,18.0,ok,205.0,ok,92.0,ok,16.0,ok
272,data/automata/random/FINLESS.hoa:37213.1-37270.7,5,14,35,35,2,6,3,1,0,21.0,ok,20.0,ok,228.0,ok,79.0,ok,23.0,ok
273,data/automata/random/FINLESS.hoa:37694.1-37724.7,5,8,15,15,6,2,0,0,0,9.0,ok,9.0,ok,1081.0,ok,26.0,ok,9.0,ok
274,data/automata/random/FINLESS.hoa:37988.1-38072.7,5,23,54,54,5,6,4,1,0,48.0,ok,50.0,ok,6061.0,ok,148.0,ok,52.0,ok
275,data/automata/random/FINLESS.hoa:38470.1-38544.7,5,21,46,46,7,14,4,1,0,15.0,ok,16.0,ok,2940.0,ok,70.0,ok,25.0,ok
276,data/automata/random/FINLESS.hoa:38774.1-38801.7,5,6,13,13,2,1,0,0,0,22.0,ok,17.0,ok,31.0,ok,28.0,ok,17.0,ok
277,data/automata/random/FINLESS.hoa:38802.1-38867.7,5,20,38,38,5,11,3,1,0,15.0,ok,19.0,ok,1284.0,ok,84.0,ok,19.0,ok
278,data/automata/random/FINLESS.hoa:38959.1-39097.7,5,29,102,102,6,4,4,1,0,119.0,ok,166.0,ok,,timeout,575.0,ok,192.0,ok
279,data/automata/random/FINLESS.hoa:39308.1-39355.7,5,14,26,26,4,6,3,1,0,13.0,ok,12.0,ok,318.0,ok,70.0,ok,17.0,ok
280,data/automata/random/FINLESS.hoa:40087.1-40131.7,5,12,24,24,2,4,5,1,0,9.0,ok,10.0,ok,108.0,ok,29.0,ok,10.0,ok
281,data/automata/random/FINLESS.hoa:40201.1-40220.7,5,4,7,7,2,1,0,0,0,9.0,ok,8.0,ok,19.0,ok,17.0,ok,9.0,ok
282,data/automata/random/FINLESS.hoa:40221.1-40273.7,5,14,31,31,4,4,5,1,0,26.0,ok,27.0,ok,1677.0,ok,188.0,ok,29.0,ok
283,data/automata/random/FINLESS.hoa:40274.1-40435.7,5,48,106,106,11,18,6,1,0,573.0,ok,859.0,ok,,timeout,662.0,ok,1259.0,ok
284,data/automata/random/FINLESS.hoa:40436.1-40485.7,5,14,28,28,7,7,2,1,0,8.0,ok,9.0,ok,289.0,ok,41.0,ok,9.0,ok
285,data/automata/random/FINLESS.hoa:41537.1-41580.7,5,12,24,24,5,8,2,1,0,9.0,ok,9.0,ok,548.0,ok,47.0,ok,10.0,ok
286,data/automata/random/FINLESS.hoa:41771.1-41808.7,5,10,20,20,3,5,1,1,0,13.0,ok,14.0,ok,187.0,ok,55.0,ok,14.0,ok
287,data/automata/random/FINLESS.hoa:42540.1-42607.7,5,20,40,40,6,8,6,1,0,28.0,ok,26.0,ok,3904.0,ok,111.0,ok,28.0,ok
288,data/automata/random/FINLESS.hoa:42838.1-42876.7,5,12,19,19,4,4,1,1,0,7.0,ok,8.0,ok,187.0,ok,36.0,ok,8.0,ok
289,data/automata/random/FINLESS.hoa:43249.1-43314.7,5,17,41,41,9,4,4,1,0,1278.0,ok,807.0,ok,,timeout,633.0,ok,695.0,ok
290,data/automata/random/FINLESS.hoa:43365.1-43427.7,5,18,37,37,6,7,5,1,0,9.0,ok,9.0,ok,3882.0,ok,186.0,ok,22.0,ok
291,data/automata/random/FINLESS.hoa:43428.1-43464.7,5,10,19,19,7,3,2,1,0,7.0,ok,7.0,ok,6579.0,ok,202.0,ok,10.0,ok
292,data/automata/random/FINLESS.hoa:44126.1-44184.7,5,14,37,37,2,4,5,1,0,13.0,ok,13.0,ok,233.0,ok,55.0,ok,11.0,ok
293,data/automata/random/FINLESS.hoa:44287.1-44393.7,5,24,75,75,5,3,6,1,0,179.0,ok,335.0,ok,8047.0,ok,193.0,ok,317.0,ok
294,data/automata/random/FINLESS.hoa:44394.1-44416.7,5,6,9,9,5,3,0,0,0,8.0,ok,8.0,ok,156.0,ok,20.0,ok,8.0,ok
295,data/automata/random/FINLESS.hoa:44739.1-44812.7,5,23,43,43,7,4,5,1,0,112.0,ok,44.0,ok,7930.0,ok,154.0,ok,148.0,ok
296,data/automata/random/FINLESS.hoa:44813.1-44902.7,5,26,56,56,9,9,7,1,0,33.0,ok,29.0,ok,2419.0,ok,101.0,ok,37.0,ok
297,data/automata/random/FINLESS.hoa:45649.1-45715.7,5,19,40,40,9,10,4,1,0,22.0,ok,15.0,ok,2329.0,ok,114.0,ok,18.0,ok
298,data/automata/random/FINLESS.hoa:45796.1-45828.7,5,7,17,17,2,1,1,1,0,10.0,ok,10.0,ok,236.0,ok,84.0,ok,10.0,ok
299,data/automata/random/FINLESS.hoa:46384.1-46464.7,5,19,54,54,5,7,5,1,0,48.0,ok,57.0,ok,4965.0,ok,144.0,ok,54.0,ok
300,data/automata/random/FINLESS.hoa:47406.1-47435.7,5,7,14,14,2,2,1,1,0,20.0,ok,19.0,ok,76.0,ok,52.0,ok,19.0,ok
301,data/automata/random/FINLESS.hoa:47436.1-47469.7,5,9,16,16,2,3,3,1,0,7.0,ok,6.0,ok,69.0,ok,39.0,ok,10.0,ok
302,data/automata/random/FINLESS.hoa:48013.1-48052.7,5,12,20,20,5,3,1,1,0,16.0,ok,16.0,ok,2259.0,ok,99.0,ok,16.0,ok
303,data/automata/random/FINLESS.hoa:48322.1-48455.7,5,36,90,90,9,8,5,1,0,127.0,ok,81.0,ok,,timeout,321.0,ok,120.0,ok
304,data/automata/random/FINLESS.hoa:48772.1-48805.7,5,8,18,18,5,4,1,1,0,11.0,ok,12.0,ok,3245.0,ok,41.0,ok,12.0,ok
305,data/automata/random/FINLESS.hoa:49109.1-49168.7,5,13,38,38,2,2,5,1,0,20.0,ok,12.0,ok,242.0,ok,58.0,ok,20.0,ok
306,data/automata/random/FINLESS.hoa:49649.1-49675.7,5,7,12,12,4,1,0,0,0,18.0,ok,13.0,ok,86.0,ok,70.0,ok,13.0,ok
307,data/automata/random/FINLESS.hoa:49728.1-49802.7,5,17,50,50,5,4,8,1,0,21.0,ok,21.0,ok,196.0,ok,45.0,ok,25.0,ok
308,data/automata/random/FINLESS.hoa:50278.1-50339.7,5,14,40,40,6,8,4,1,0,13.0,ok,13.0,ok,1936.0,ok,74.0,ok,13.0,ok
309,data/automata/random/FINLESS.hoa:50372.1-50427.7,5,15,33,33,4,6,4,1,0,34.0,ok,20.0,ok,2792.0,ok,131.0,ok,24.0,ok
310,data/automata/random/FINLESS.hoa:50494.1-50568.7,5,22,45,45,4,14,4,1,0,12.0,ok,14.0,ok,405.0,ok,49.0,ok,16.0,ok
311,data/automata/random/FINLESS.hoa:50569.1-50662.7,5,25,61,61,4,7,4,1,0,37.0,ok,35.0,ok,2466.0,ok,125.0,ok,43.0,ok
312,data/automata/random/FINLESS.hoa:50805.1-50870.7,5,16,42,42,2,4,7,1,0,11.0,ok,11.0,ok,448.0,ok,86.0,ok,17.0,ok
313,data/automata/random/FINLESS.hoa:496.1-561.7,4,16,42,42,7,6,7,1,0,8.0,ok,9.0,ok,406.0,ok,68.0,ok,9.0,ok
314,data/automata/random/FINLESS.hoa:687.1-747.7,4,16,37,37,3,4,4,1,0,24.0,ok,18.0,ok,278.0,ok,80.0,ok,20.0,ok
315,data/automata/random/FINLESS.hoa:905.1-1026.7,4,28,86,86,8,6,6,1,0,575.0,ok,339.0,ok,,timeout,954.0,ok,260.0,ok
316,data/automata/random/FINLESS.hoa:1263.1-1358.7,4,21,67,67,6,7,6,1,0,145.0,ok,33.0,ok,,timeout,311.0,ok,100.0,ok
317,data/automata/random/FINLESS.hoa:1896.1-2098.7,4,61,134,134,10,14,10,1,0,172.0,ok,108.0,ok,,timeout,396.0,ok,223.0,ok
318,data/automata/random/FINLESS.hoa:3623.1-3715.7,4,22,63,63,4,4,8,1,0,79.0,ok,64.0,ok,1911.0,ok,113.0,ok,101.0,ok
319,data/automata/random/FINLESS.hoa:4094.1-4243.7,4,47,95,95,9,8,8,1,0,,timeout,146.0,ok,,timeout,780.0,ok,340.0,ok
320,data/automata/random/FINLESS.hoa:4324.1-4358.7,4,11,16,16,5,4,2,1,0,18.0,ok,18.0,ok,904.0,ok,57.0,ok,18.0,ok
321,data/automata/random/FINLESS.hoa:4846.1-4908.7,4,18,37,37,2,9,2,1,0,12.0,ok,14.0,ok,279.0,ok,59.0,ok,12.0,ok
322,data/automata/random/FINLESS.hoa:4963.1-5009.7,4,14,24,24,2,4,2,1,0,14.0,ok,14.0,ok,153.0,ok,81.0,ok,19.0,ok
323,data/automata/random/FINLESS.hoa:5186.1-5248.7,4,16,38,38,2,6,5,1,0,11.0,ok,12.0,ok,174.0,ok,69.0,ok,12.0,ok
324,data/automata/random/FINLESS.hoa:5563.1-5579.7,4,4,5,5,4,1,0,0,0,7.0,ok,6.0,ok,31.0,ok,23.0,ok,7.0,ok
325,data/automata/random/FINLESS.hoa:5580.1-5639.7,4,16,36,36,2,5,4,1,0,18.0,ok,22.0,ok,368.0,ok,69.0,ok,23.0,ok
326,data/automata/random/FINLESS.hoa:5893.1-5916.7,4,5,10,10,2,1,0,0,0,12.0,ok,11.0,ok,29.0,ok,25.0,ok,14.0,ok
327,data/automata/random/FINLESS.hoa:6307.1-6427.7,4,35,78,78,7,8,6,1,0,42.0,ok,13.0,ok,,timeout,140.0,ok,31.0,ok
328,data/automata/random/FINLESS.hoa:6611.1-6678.7,4,16,43,43,5,4,5,1,0,20.0,ok,20.0,ok,543.0,ok,101.0,ok,29.0,ok
329,data/automata/random/FINLESS.hoa:7003.1-7066.7,4,14,41,41,5,2,5,1,0,74.0,ok,84.0,ok,311.0,ok,113.0,ok,120.0,ok
330,data/automata/random/FINLESS.hoa:7447.1-7480.7,4,9,17,17,6,5,3,1,0,15.0,ok,14.0,ok,750.0,ok,45.0,ok,14.0,ok
331,data/automata/random/FINLESS.hoa:7645.1-7717.7,4,20,45,45,6,7,5,1,0,29.0,ok,45.0,ok,1648.0,ok,136.0,ok,40.0,ok
332,data/automata/random/FINLESS.hoa:7909.1-7936.7,4,7,13,13,2,4,2,1,0,5.0,ok,6.0,ok,61.0,ok,20.0,ok,6.0,ok
333,data/automata/random/FINLESS.hoa:9294.1-9318.7,4,7,10,10,3,3,1,1,0,4.0,ok,5.0,ok,51.0,ok,17.0,ok,5.0,ok
334,data/automata/random/FINLESS.hoa:9319.1-9461.7,4,40,95,95,7,11,5,1,0,275.0,ok,307.0,ok,,timeout,330.0,ok,386.0,ok
335,data/automata/random/FINLESS.hoa:9556.1-9646.7,4,24,59,59,5,4,4,1,0,90.0,ok,67.0,ok,34472.0,ok,284.0,ok,95.0,ok
336,data/automata/random/FINLESS.hoa:9647.1-9687.7,4,11,22,22,4,7,3,1,0,7.0,ok,8.0,ok,76.0,ok,23.0,ok,8.0,ok
337,data/automata/random/FINLESS.hoa:9845.1-9971.7,4,35,84,84,8,11,6,1,0,72.0,ok,72.0,ok,,timeout,311.0,ok,65.0,ok
338,data/automata/random/FINLESS.hoa:9998.1-10074.7,4,19,50,50,3,3,7,1,0,80.0,ok,78.0,ok,2587.0,ok,158.0,ok,77.0,ok
339,data/automata/random/FINLESS.hoa:10357.1-10405.7,4,14,26,26,2,10,6,1,0,7.0,ok,7.0,ok,165.0,ok,28.0,ok,8.0,ok
340,data/automata/random/FINLESS.hoa:10574.1-10610.7,4,8,20,20,3,1,1,1,0,20.0,ok,19.0,ok,531.0,ok,120.0,ok,20.0,ok
341,data/automata/random/FINLESS.hoa:11371.1-11412.7,4,11,23,23,6,4,2,1,0,13.0,ok,12.0,ok,2561.0,ok,105.0,ok,15.0,ok
342,data/automata/random/FINLESS.hoa:11550.1-11651.7,4,26,68,68,3,8,5,1,0,19.0,ok,22.0,ok,1734.0,ok,151.0,ok,21.0,ok
343,data/automata/random/FINLESS.hoa:11786.1-11878.7,4,20,65,65,4,4,8,1,0,18.0,ok,21.0,ok,513.0,ok,96.0,ok,20.0,ok
344,data/automata/random/FINLESS.hoa:12029.1-12079.7,4,12,30,30,2,3,3,1,0,9.0,ok,10.0,ok,133.0,ok,54.0,ok,10.0,ok
345,data/automata/random/FINLESS.hoa:12324.1-12378.7,4,15,32,32,2,4,3,1,0,16.0,ok,17.0,ok,325.0,ok,79.0,ok,15.0,ok
346,data/automata/random/FINLESS.hoa:12479.1-12720.7,4,76,158,158,14,41,10,1,0,32.0,ok,20.0,ok,,timeout,113.0,ok,26.0,ok
347,data/automata/random/FINLESS.hoa:12936.1-12979.7,4,13,23,23,5,4,3,1,0,7.0,ok,7.0,ok,585.0,ok,80.0,ok,13.0,ok
348,data/automata/random/FINLESS.hoa:13281.1-13313.7,4,7,17,17,2,4,3,1,0,5.0,ok,6.0,ok,52.0,ok,33.0,ok,6.0,ok
349,data/automata/random/FINLESS.hoa:13380.1-13397.7,4,4,5,5,2,3,0,0,0,5.0,ok,5.0,ok,17.0,ok,14.0,ok,5.0,ok
350,data/automata/random/FINLESS.hoa:13707.1-13751.7,4,12,24,24,2,4,2,1,0,14.0,ok,14.0,ok,105.0,ok,44.0,ok,16.0,ok
351,data/automata/random/FINLESS.hoa:13853.1-13883.7,4,7,15,15,2,1,2,1,0,11.0,ok,11.0,ok,214.0,ok,65.0,ok,11.0,ok
352,data/automata/random/FINLESS.hoa:14140.1-14244.7,4,29,68,68,11,14,5,1,0,32.0,ok,33.0,ok,,timeout,191.0,ok,31.0,ok
353,data/automata/random/FINLESS.hoa:14278.1-14371.7,4,24,62,62,4,6,5,1,0,44.0,ok,70.0,ok,30872.0,ok,145.0,ok,59.0,ok
354,data/automata/random/FINLESS.hoa:15410.1-15457.7,4,11,29,29,6,4,3,1,0,21.0,ok,19.0,ok,2048.0,ok,89.0,ok,19.0,ok
355,data/automata/random/FINLESS.hoa:15518.1-15634.7,4,30,79,79,6,11,7,1,0,,timeout,180.0,ok,,timeout,360.0,ok,224.0,ok
356,data/automata/random/FINLESS.hoa:15635.1-15674.7,4,8,23,23,3,2,2,1,0,182.0,ok,157.0,ok,795.0,ok,155.0,ok,149.0,ok
357,data/automata/random/FINLESS.hoa:15755.1-15809.7,4,14,33,33,6,4,6,1,0,92.0,ok,51.0,ok,12520.0,ok,126.0,ok,62.0,ok
358,data/automata/random/FINLESS.hoa:15810.1-15882.7,4,15,49,49,2,4,6,1,0,30.0,ok,31.0,ok,356.0,ok,83.0,ok,33.0,ok
359,data/automata/random/FINLESS.hoa:16095.1-16128.7,4,9,17,17,8,5,3,1,0,11.0,ok,11.0,ok,8503.0,ok,97.0,ok,11.0,ok
360,data/automata/random/FINLESS.hoa:16205.1-16253.7,4,15,26,26,9,7,1,1,0,27.0,ok,27.0,ok,6028.0,ok,81.0,ok,27.0,ok
361,data/automata/random/FINLESS.hoa:17294.1-17387.7,4,23,63,63,4,4,6,1,0,62.0,ok,48.0,ok,4086.0,ok,125.0,ok,70.0,ok
362,data/automata/random/FINLESS.hoa:17877.1-17914.7,4,10,20,20,3,3,2,1,0,14.0,ok,13.0,ok,344.0,ok,84.0,ok,16.0,ok
363,data/automata/random/FINLESS.hoa:18283.1-18335.7,4,13,31,31,2,3,3,1,0,16.0,ok,15.0,ok,69.0,ok,52.0,ok,13.0,ok
364,data/automata/random/FINLESS.hoa:18336.1-18492.7,4,37,112,112,6,9,14,1,0,47.0,ok,48.0,ok,10412.0,ok,158.0,ok,47.0,ok
365,data/automata/random/FINLESS.hoa:18697.1-18817.7,4,28,85,85,9,4,9,1,0,921.0,ok,272.0,ok,,timeout,1547.0,ok,350.0,ok
366,data/automata/random/FINLESS.hoa:18973.1-19028.7,4,14,34,34,2,5,5,1,0,20.0,ok,17.0,ok,440.0,ok,82.0,ok,16.0,ok
367,data/automata/random/FINLESS.hoa:20602.1-20671.7,4,18,44,44,5,4,5,1,0,40.0,ok,29.0,ok,3045.0,ok,136.0,ok,35.0,ok
368,data/automata/random/FINLESS.hoa:20871.1-20964.7,4,28,58,58,5,8,3,1,0,12.0,ok,14.0,ok,1440.0,ok,58.0,ok,15.0,ok
369,data/automata/random/FINLESS.hoa:21486.1-21517.7,4,8,16,16,3,3,1,1,0,9.0,ok,8.0,ok,220.0,ok,49.0,ok,11.0,ok
370,data/automata/random/FINLESS.hoa:22261.1-22276.7,4,3,4,4,2,1,0,0,0,4.0,ok,4.0,ok,17.0,ok,13.0,ok,4.0,ok
371,data/automata/random/FINLESS.hoa:22357.1-22397.7,4,10,23,23,4,4,3,1,0,11.0,ok,10.0,ok,180.0,ok,49.0,ok,14.0,ok
372,data/automata/random/FINLESS.hoa:22398.1-22516.7,4,35,76,76,8,14,6,1,0,16.0,ok,18.0,ok,,timeout,60.0,ok,18.0,ok
373,data/automata/random/FINLESS.hoa:22713.1-22788.7,4,23,45,45,7,6,3,1,0,17.0,ok,21.0,ok,,timeout,134.0,ok,29.0,ok
374,data/automata/random/FINLESS.hoa:22891.1-22912.7,4,5,9,9,6,1,0,0,0,24.0,ok,16.0,ok,146.0,ok,63.0,ok,20.0,ok
375,data/automata/random/FINLESS.hoa:22913.1-22951.7,4,10,21,21,3,2,1,1,0,44.0,ok,36.0,ok,426.0,ok,99.0,ok,36.0,ok
376,data/automata/random/FINLESS.hoa:22952.1-22992.7,4,9,24,24,2,2,2,1,0,16.0,ok,14.0,ok,197.0,ok,55.0,ok,15.0,ok
377,data/automata/random/FINLESS.hoa:23628.1-23646.7,4,4,6,6,2,1,0,0,0,8.0,ok,8.0,ok,18.0,ok,15.0,ok,11.0,ok
378,data/automata/random/FINLESS.hoa:23952.1-23978.7,4,6,12,12,3,1,0,0,0,38.0,ok,25.0,ok,49.0,ok,44.0,ok,25.0,ok
379,data/automata/random/FINLESS.hoa:23979.1-24026.7,4,12,28,28,5,3,4,1,0,25.0,ok,23.0,ok,1049.0,ok,57.0,ok,27.0,ok
380,data/automata/random/FINLESS.hoa:25016.1-25032.7,4,3,6,6,3,2,1,1,0,5.0,ok,5.0,ok,37.0,ok,11.0,ok,5.0,ok
381,data/automata/random/FINLESS.hoa:25190.1-25224.7,4,10,17,17,9,5,1,1,0,8.0,ok,8.0,ok,5308.0,ok,80.0,ok,11.0,ok
382,data/automata/random/FINLESS.hoa:25363.1-25451.7,4,20,61,61,5,3,7,1,0,157.0,ok,85.0,ok,24817.0,ok,301.0,ok,120.0,ok
383,data/automata/random/FINLESS.hoa:26175.1-26204.7,4,7,14,14,3,4,1,1,0,5.0,ok,6.0,ok,60.0,ok,21.0,ok,6.0,ok
384,data/automata/random/FINLESS.hoa:26472.1-26566.7,4,20,67,67,5,5,6,1,0,37.0,ok,48.0,ok,6589.0,ok,146.0,ok,46.0,ok
385,data/automata/random/FINLESS.hoa:26603.1-26658.7,4,16,32,32,3,9,3,1,0,20.0,ok,17.0,ok,714.0,ok,98.0,ok,21.0,ok
386,data/automata/random/FINLESS.hoa:26756.1-26778.7,4,6,8,8,2,2,1,1,0,11.0,ok,11.0,ok,41.0,ok,33.0,ok,11.0,ok
387,data/automata/random/FINLESS.hoa:27421.1-27441.7,4,5,8,8,3,2,1,1,0,10.0,ok,11.0,ok,126.0,ok,40.0,ok,11.0,ok
388,data/automata/random/FINLESS.hoa:27492.1-27512.7,4,5,7,7,2,2,1,1,0,5.0,ok,6.0,ok,58.0,ok,30.0,ok,6.0,ok
389,data/automata/random/FINLESS.hoa:27725.1-27862.7,4,38,92,92,8,10,5,1,0,48.0,ok,37.0,ok,,timeout,462.0,ok,94.0,ok
390,data/automata/random/FINLESS.hoa:27910.1-27963.7,4,15,31,31,2,4,5,1,0,15.0,ok,11.0,ok,357.0,ok,67.0,ok,13.0,ok
391,data/automata/random/FINLESS.hoa:28036.1-28072.7,4,11,18,18,3,3,2,1,0,20.0,ok,17.0,ok,266.0,ok,51.0,ok,17.0,ok
392,data/automata/random/FINLESS.hoa:28371.1-28390.7,4,5,6,6,2,1,0,0,0,8.0,ok,8.0,ok,19.0,ok,16.0,ok,10.0,ok
393,data/automata/random/FINLESS.hoa:28963.1-29045.7,4,21,54,54,6,6,7,1,0,37.0,ok,37.0,ok,2533.0,ok,131.0,ok,47.0,ok
394,data/automata/random/FINLESS.hoa:29046.1-29078.7,4,8,17,17,4,2,1,1,0,70.0,ok,37.0,ok,598.0,ok,96.0,ok,37.0,ok
395,data/automata/random/FINLESS.hoa:30260.1-30324.7,4,17,40,40,5,7,2,1,0,27.0,ok,31.0,ok,,timeout,120.0,ok,27.0,ok
396,data/automata/random/FINLESS.hoa:30565.1-30617.7,4,16,29,29,8,8,2,1,0,22.0,ok,25.0,ok,,timeout,165.0,ok,23.0,ok
397,data/automata/random/FINLESS.hoa:31006.1-31076.7,4,18,45,45,7,4,7,1,0,107.0,ok,76.0,ok,23115.0,ok,237.0,ok,105.0,ok
398,data/automata/random/FINLESS.hoa:31520.1-31558.7,4,10,21,21,3,5,3,1,0,16.0,ok,15.0,ok,488.0,ok,77.0,ok,14.0,ok
399,data/automata/random/FINLESS.hoa:32175.1-32304.7,4,33,89,89,8,14,5,1,0,104.0,ok,34.0,ok,,timeout,233.0,ok,48.0,ok
400,data/automata/random/FINLESS.hoa:32369.1-32488.7,4,27,85,85,10,5,7,1,0,777.0,ok,267.0,ok,,timeout,584.0,ok,2220.0,ok
401,data/automata/random/FINLESS.hoa:32489.1-32535.7,4,14,25,25,6,8,4,1,0,9.0,ok,9.0,ok,222.0,ok,23.0,ok,9.0,ok
402,data/automata/random/FINLESS.hoa:32536.1-32575.7,4,11,21,21,8,6,1,1,0,9.0,ok,9.0,ok,,timeout,125.0,ok,9.0,ok
403,data/automata/random/FINLESS.hoa:32766.1-32792.7,4,6,12,12,3,2,0,0,0,26.0,ok,15.0,ok,39.0,ok,34.0,ok,18.0,ok
404,data/automata/random/FINLESS.hoa:32793.1-32854.7,4,15,38,38,3,5,7,1,0,22.0,ok,23.0,ok,212.0,ok,57.0,ok,26.0,ok
405,data/automata/random/FINLESS.hoa:33940.1-34020.7,4,19,54,54,10,5,6,1,0,132.0,ok,82.0,ok,,timeout,424.0,ok,119.0,ok
406,data/automata/random/FINLESS.hoa:34237.1-34263.7,4,7,12,12,3,2,2,1,0,12.0,ok,13.0,ok,180.0,ok,47.0,ok,11.0,ok
407,data/automata/random/FINLESS.hoa:35157.1-35236.7,4,21,51,51,7,5,2,1,0,11.0,ok,12.0,ok,25373.0,ok,128.0,ok,12.0,ok
408,data/automata/random/FINLESS.hoa:35492.1-35555.7,4,18,38,38,7,10,4,1,0,72.0,ok,48.0,ok,16235.0,ok,169.0,ok,51.0,ok
409,data/automata/random/FINLESS.hoa:35612.1-35686.7,4,20,47,47,3,7,5,1,0,27.0,ok,28.0,ok,483.0,ok,107.0,ok,33.0,ok
410,data/automata/random/FINLESS.hoa:35963.1-36109.7,4,36,103,103,9,9,10,1,0,88.0,ok,72.0,ok,,timeout,553.0,ok,99.0,ok
411,data/automata/random/FINLESS.hoa:37081.1-37102.7,4,5,8,8,2,4,1,1,0,5.0,ok,6.0,ok,81.0,ok,20.0,ok,6.0,ok
412,data/automata/random/FINLESS.hoa:37136.1-37212.7,4,23,46,46,4,7,4,1,0,18.0,ok,20.0,ok,732.0,ok,92.0,ok,22.0,ok
413,data/automata/random/FINLESS.hoa:37342.1-37434.7,4,26,59,59,3,8,8,1,0,33.0,ok,36.0,ok,913.0,ok,119.0,ok,40.0,ok
414,data/automata/random/FINLESS.hoa:37435.1-37470.7,4,10,18,18,4,4,2,1,0,12.0,ok,15.0,ok,564.0,ok,58.0,ok,15.0,ok
415,data/automata/random/FINLESS.hoa:37555.1-37602.7,4,12,28,28,5,6,3,1,0,9.0,ok,9.0,ok,345.0,ok,68.0,ok,11.0,ok
416,data/automata/random/FINLESS.hoa:37938.1-37987.7,4,15,27,27,4,5,4,1,0,16.0,ok,15.0,ok,705.0,ok,76.0,ok,23.0,ok
417,data/automata/random/FINLESS.hoa:38350.1-38407.7,4,15,35,35,3,6,6,1,0,12.0,ok,13.0,ok,222.0,ok,73.0,ok,13.0,ok
418,data/automata/random/FINLESS.hoa:38408.1-38469.7,4,16,38,38,2,4,3,1,0,21.0,ok,18.0,ok,362.0,ok,82.0,ok,23.0,ok
419,data/automata/random/FINLESS.hoa:38545.1-38585.7,4,12,21,21,4,3,2,1,0,23.0,ok,15.0,ok,897.0,ok,112.0,ok,12.0,ok
420,data/automata/random/FINLESS.hoa:39423.1-39479.7,4,15,34,34,2,4,6,1,0,19.0,ok,22.0,ok,243.0,ok,54.0,ok,23.0,ok
421,data/automata/random/FINLESS.hoa:39480.1-39552.7,4,22,43,43,6,4,5,1,0,26.0,ok,27.0,ok,1629.0,ok,84.0,ok,27.0,ok
422,data/automata/random/FINLESS.hoa:39764.1-39846.7,4,19,56,56,2,4,9,1,0,31.0,ok,21.0,ok,837.0,ok,132.0,ok,24.0,ok
423,data/automata/random/FINLESS.hoa:40037.1-40086.7,4,12,30,30,3,2,6,1,0,47.0,ok,32.0,ok,615.0,ok,103.0,ok,43.0,ok
424,data/automata/random/FINLESS.hoa:40518.1-40590.7,4,21,44,44,6,16,4,1,0,8.0,ok,12.0,ok,650.0,ok,66.0,ok,12.0,ok
425,data/automata/random/FINLESS.hoa:40608.1-40660.7,4,13,31,31,2,5,5,1,0,10.0,ok,10.0,ok,163.0,ok,52.0,ok,12.0,ok
426,data/automata/random/FINLESS.hoa:40756.1-40895.7,4,41,91,91,9,8,5,1,0,41.0,ok,37.0,ok,,timeout,161.0,ok,43.0,ok
427,data/automata/random/FINLESS.hoa:41105.1-41160.7,4,14,33,33,2,5,4,1,0,17.0,ok,16.0,ok,231.0,ok,73.0,ok,22.0,ok
428,data/automata/random/FINLESS.hoa:41380.1-41514.7,4,32,95,95,7,6,11,1,0,119.0,ok,99.0,ok,,timeout,350.0,ok,212.0,ok
429,data/automata/random/FINLESS.hoa:41581.1-41612.7,4,8,15,15,2,2,2,1,0,18.0,ok,17.0,ok,109.0,ok,48.0,ok,14.0,ok
430,data/automata/random/FINLESS.hoa:41809.1-41898.7,4,22,60,60,3,5,5,1,0,43.0,ok,45.0,ok,2049.0,ok,132.0,ok,43.0,ok
431,data/automata/random/FINLESS.hoa:41921.1-42029.7,4,34,67,67,11,17,3,1,0,20.0,ok,18.0,ok,4057.0,ok,143.0,ok,19.0,ok
432,data/automata/random/FINLESS.hoa:42359.1-42381.7,4,6,8,8,2,2,0,0,0,7.0,ok,7.0,ok,26.0,ok,21.0,ok,7.0,ok
433,data/automata/random/FINLESS.hoa:42608.1-42651.7,4,12,24,24,4,5,2,1,0,9.0,ok,10.0,ok,163.0,ok,42.0,ok,10.0,ok
434,data/automata/random/FINLESS.hoa:42652.1-42765.7,4,29,77,77,5,10,5,1,0,45.0,ok,55.0,ok,20879.0,ok,155.0,ok,48.0,ok
435,data/automata/random/FINLESS.hoa:42766.1-42837.7,4,21,43,43,8,5,3,1,0,374.0,ok,199.0,ok,13301.0,ok,271.0,ok,157.0,ok
436,data/automata/random/FINLESS.hoa:42877.1-43006.7,4,32,90,90,10,10,5,1,0,246.0,ok,182.0,ok,,timeout,413.0,ok,188.0,ok
437,data/automata/random/FINLESS.hoa:43315.1-43364.7,4,13,29,29,2,6,3,1,0,13.0,ok,13.0,ok,284.0,ok,59.0,ok,18.0,ok
438,data/automata/random/FINLESS.hoa:43465.1-43495.7,4,7,15,15,2,4,2,1,0,7.0,ok,9.0,ok,57.0,ok,36.0,ok,9.0,ok
439,data/automata/random/FINLESS.hoa:43547.1-43603.7,4,14,35,35,2,4,2,1,0,21.0,ok,19.0,ok,419.0,ok,76.0,ok,16.0,ok
440,data/automata/random/FINLESS.hoa:43604.1-43810.7,4,55,144,144,11,10,12,1,0,,timeout,221.0,ok,,timeout,677.0,ok,6987.0,ok
441,data/automata/random/FINLESS.hoa:43811.1-43927.7,4,33,76,76,10,9,8,1,0,51.0,ok,45.0,ok,16613.0,ok,172.0,ok,47.0,ok
442,data/automata/random/FINLESS.hoa:43928.1-43998.7,4,18,45,45,2,5,5,1,0,23.0,ok,22.0,ok,636.0,ok,128.0,ok,29.0,ok
443,data/automata/random/FINLESS.hoa:43999.1-44102.7,4,32,64,64,9,20,2,1,0,13.0,ok,13.0,ok,,timeout,103.0,ok,24.0,ok
444,data/automata/random/FINLESS.hoa:44103.1-44125.7,4,6,9,9,3,2,2,1,0,20.0,ok,17.0,ok,179.0,ok,40.0,ok,17.0,ok
445,data/automata/random/FINLESS.hoa:44232.1-44267.7,4,8,20,20,3,3,3,1,0,10.0,ok,10.0,ok,429.0,ok,64.0,ok,11.0,ok
446,data/automata/random/FINLESS.hoa:44268.1-44286.7,4,4,7,7,3,3,1,1,0,5.0,ok,5.0,ok,31.0,ok,17.0,ok,6.0,ok
447,data/automata/random/FINLESS.hoa:44417.1-44448.7,4,8,16,16,3,4,2,1,0,6.0,ok,7.0,ok,112.0,ok,30.0,ok,7.0,ok
448,data/automata/random/FINLESS.hoa:45092.1-45199.7,4,31,69,69,7,14,3,1,0,18.0,ok,22.0,ok,,timeout,129.0,ok,19.0,ok
449,data/automata/random/FINLESS.hoa:45464.1-45513.7,4,14,28,28,4,3,3,1,0,38.0,ok,42.0,ok,1257.0,ok,139.0,ok,38.0,ok
450,data/automata/random/FINLESS.hoa:46165.1-46210.7,4,13,25,25,5,6,4,1,0,18.0,ok,17.0,ok,2727.0,ok,94.0,ok,19.0,ok
451,data/automata/random/FINLESS.hoa:46211.1-46248.7,4,11,19,19,4,3,1,1,0,17.0,ok,14.0,ok,218.0,ok,83.0,ok,16.0,ok
452,data/automata/random/FINLESS.hoa:46465.1-46557.7,4,23,62,62,5,6,5,1,0,56.0,ok,57.0,ok,11082.0,ok,195.0,ok,53.0,ok
453,data/automata/random/FINLESS.hoa:47728.1-47744.7,4,3,6,6,4,2,0,0,0,3.0,ok,3.0,ok,22.0,ok,13.0,ok,3.0,ok
454,data/automata/random/FINLESS.hoa:47745.1-47873.7,4,35,86,86,8,17,5,1,0,65.0,ok,57.0,ok,,timeout,290.0,ok,65.0,ok
455,data/automata/random/FINLESS.hoa:47888.1-48012.7,4,31,86,86,14,7,3,1,0,1190.0,ok,1422.0,ok,,timeout,907.0,ok,,timeout
456,data/automata/random/FINLESS.hoa:48659.1-48713.7,4,14,33,33,4,3,2,1,0,25.0,ok,21.0,ok,1067.0,ok,105.0,ok,25.0,ok
457,data/automata/random/FINLESS.hoa:49049.1-49108.7,4,16,36,36,6,4,4,1,0,22.0,ok,25.0,ok,304.0,ok,78.0,ok,33.0,ok
458,data/automata/random/FINLESS.hoa:49611.1-49648.7,4,9,21,21,11,3,1,1,0,18.0,ok,17.0,ok,619.0,ok,95.0,ok,17.0,ok
459,data/automata/random/FINLESS.hoa:49696.1-49727.7,4,7,16,16,2,1,0,0,0,22.0,ok,12.0,ok,37.0,ok,34.0,ok,12.0,ok
460,data/automata/random/FINLESS.hoa:50767.1-50804.7,4,9,21,21,5,2,3,1,0,50.0,ok,39.0,ok,1233.0,ok,109.0,ok,45.0,ok
461,data/automata/random/FINLESS.hoa:50916.1-50987.7,4,19,45,45,6,6,4,1,0,25.0,ok,26.0,ok,18311.0,ok,154.0,ok,21.0,ok
462,data/automata/random/FINLESS.hoa:51307.1-51369.7,4,15,40,40,4,2,5,1,0,105.0,ok,52.0,ok,1300.0,ok,170.0,ok,59.0,ok
463,data/automata/random/FINLESS.hoa:51370.1-51434.7,4,17,40,40,7,6,3,1,0,23.0,ok,22.0,ok,2060.0,ok,92.0,ok,20.0,ok
464,data/automata/random/FINLESS.hoa:51435.1-51453.7,4,4,7,7,4,3,1,1,0,4.0,ok,5.0,ok,108.0,ok,22.0,ok,5.0,ok
465,data/automata/random/FINLESS.hoa:1.1-35.7,3,7,19,19,2,3,4,1,0,5.0,ok,7.0,ok,56.0,ok,25.0,ok,7.0,ok
466,data/automata/random/FINLESS.hoa:36.1-91.7,3,15,33,33,4,5,4,1,0,30.0,ok,30.0,ok,626.0,ok,126.0,ok,33.0,ok
467,data/automata/random/FINLESS.hoa:748.1-777.7,3,8,14,14,4,4,2,1,0,13.0,ok,12.0,ok,536.0,ok,49.0,ok,12.0,ok
468,data/automata/random/FINLESS.hoa:1027.1-1097.7,3,21,42,42,6,13,4,1,0,7.0,ok,7.0,ok,4805.0,ok,125.0,ok,10.0,ok
469,data/automata/random/FINLESS.hoa:1170.1-1215.7,3,14,24,24,4,4,2,1,0,15.0,ok,18.0,ok,849.0,ok,118.0,ok,18.0,ok
470,data/automata/random/FINLESS.hoa:2215.1-2327.7,3,24,80,80,3,4,11,1,0,93.0,ok,97.0,ok,2391.0,ok,304.0,ok,124.0,ok
471,data/automata/random/FINLESS.hoa:2818.1-2861.7,3,12,23,23,2,5,4,1,0,13.0,ok,12.0,ok,108.0,ok,45.0,ok,13.0,ok
472,data/automata/random/FINLESS.hoa:3246.1-3271.7,3,6,12,12,3,2,1,1,0,14.0,ok,10.0,ok,273.0,ok,46.0,ok,12.0,ok
473,data/automata/random/FINLESS.hoa:3272.1-3292.7,3,4,8,8,2,2,1,1,0,10.0,ok,9.0,ok,61.0,ok,22.0,ok,10.0,ok
474,data/automata/random/FINLESS.hoa:3508.1-3546.7,3,9,21,21,2,4,2,1,0,11.0,ok,10.0,ok,88.0,ok,39.0,ok,13.0,ok
475,data/automata/random/FINLESS.hoa:3547.1-3622.7,3,22,46,46,10,7,7,1,0,12.0,ok,12.0,ok,,timeout,366.0,ok,77.0,ok
476,data/automata/random/FINLESS.hoa:3716.1-3834.7,3,30,81,81,12,15,9,1,0,73.0,ok,55.0,ok,,timeout,656.0,ok,58.0,ok
477,data/automata/random/FINLESS.hoa:4810.1-4845.7,3,9,19,19,3,2,2,1,0,10.0,ok,10.0,ok,156.0,ok,58.0,ok,10.0,ok
478,data/automata/random/FINLESS.hoa:5116.1-5156.7,3,10,23,23,2,5,3,1,0,11.0,ok,11.0,ok,323.0,ok,52.0,ok,16.0,ok
479,data/automata/random/FINLESS.hoa:6057.1-6119.7,3,18,37,37,3,5,7,1,0,10.0,ok,10.0,ok,988.0,ok,79.0,ok,17.0,ok
480,data/automata/random/FINLESS.hoa:6280.1-6306.7,3,7,12,12,5,5,0,0,0,8.0,ok,8.0,ok,91.0,ok,20.0,ok,8.0,ok
481,data/automata/random/FINLESS.hoa:6595.1-6610.7,3,3,5,5,2,2,0,0,0,4.0,ok,4.0,ok,13.0,ok,9.0,ok,4.0,ok
482,data/automata/random/FINLESS.hoa:7158.1-7190.7,3,7,17,17,2,1,2,1,0,18.0,ok,17.0,ok,221.0,ok,71.0,ok,17.0,ok
483,data/automata/random/FINLESS.hoa:7593.1-7644.7,3,13,31,31,5,3,4,1,0,16.0,ok,29.0,ok,926.0,ok,62.0,ok,28.0,ok
484,data/automata/random/FINLESS.hoa:7937.1-8086.7,3,41,101,101,13,21,7,1,0,164.0,ok,221.0,ok,,timeout,644.0,ok,573.0,ok
485,data/automata/random/FINLESS.hoa:8163.1-8178.7,3,3,5,5,4,2,1,1,0,5.0,ok,5.0,ok,28.0,ok,12.0,ok,5.0,ok
486,data/automata/random/FINLESS.hoa:8440.1-8476.7,3,10,19,19,3,4,3,1,0,11.0,ok,9.0,ok,172.0,ok,40.0,ok,9.0,ok
487,data/automata/random/FINLESS.hoa:8792.1-9088.7,3,75,214,214,14,25,13,1,0,17521.0,ok,1200.0,ok,,timeout,3819.0,ok,149618.0,ok
488,data/automata/random/FINLESS.hoa:9089.1-9112.7,3,6,10,10,3,3,2,1,0,19.0,ok,15.0,ok,162.0,ok,39.0,ok,15.0,ok
489,data/automata/random/FINLESS.hoa:9238.1-9293.7,3,12,35,35,3,2,5,1,0,30.0,ok,32.0,ok,414.0,ok,88.0,ok,34.0,ok
490,data/automata/random/FINLESS.hoa:9462.1-9493.7,3,7,16,16,3,1,0,0,0,14.0,ok,13.0,ok,40.0,ok,23.0,ok,19.0,ok
491,data/automata/random/FINLESS.hoa:9494.1-9520.7,3,6,13,13,4,2,2,1,0,9.0,ok,9.0,ok,69.0,ok,36.0,ok,9.0,ok
492,data/automata/random/FINLESS.hoa:10277.1-10328.7,3,14,30,30,3,6,5,1,0,11.0,ok,11.0,ok,909.0,ok,106.0,ok,18.0,ok
493,data/automata/random/FINLESS.hoa:10611.1-10653.7,3,14,21,21,5,4,3,1,0,9.0,ok,9.0,ok,739.0,ok,50.0,ok,13.0,ok
494,data/automata/random/FINLESS.hoa:11171.1-11280.7,3,30,72,72,12,12,7,1,0,146.0,ok,206.0,ok,,timeout,248.0,ok,209.0,ok
495,data/automata/random/FINLESS.hoa:11281.1-11370.7,3,23,59,59,9,4,6,1,0,,timeout,253.0,ok,,timeout,621.0,ok,675.0,ok
496,data/automata/random/FINLESS.hoa:11413.1-11463.7,3,14,29,29,4,4,3,1,0,15.0,ok,20.0,ok,1715.0,ok,115.0,ok,15.0,ok
497,data/automata/random/FINLESS.hoa:11464.1-11529.7,3,18,40,40,8,10,3,1,0,21.0,ok,32.0,ok,4149.0,ok,156.0,ok,23.0,ok
498,data/automata/random/FINLESS.hoa:11530.1-11549.7,3,4,7,7,2,4,1,1,0,2.0,ok,2.0,ok,28.0,ok,8.0,ok,4.0,ok
499,data/automata/random/FINLESS.hoa:13884.1-14057.7,3,53,113,113,10,37,6,1,0,28.0,ok,39.0,ok,,timeout,97.0,ok,46.0,ok
500,data/automata/random/FINLESS.hoa:14607.1-14668.7,3,17,37,37,6,8,3,1,0,26.0,ok,29.0,ok,1085.0,ok,96.0,ok,33.0,ok
501,data/automata/random/FINLESS.hoa:16129.1-16204.7,3,23,45,45,7,5,4,1,0,52.0,ok,64.0,ok,11115.0,ok,149.0,ok,77.0,ok
502,data/automata/random/FINLESS.hoa:16586.1-16663.7,3,18,52,52,5,3,6,1,0,62.0,ok,79.0,ok,6663.0,ok,242.0,ok,106.0,ok
503,data/automata/random/FINLESS.hoa:16711.1-16820.7,3,30,72,72,6,11,6,1,0,102.0,ok,95.0,ok,41680.0,ok,615.0,ok,118.0,ok
504,data/automata/random/FINLESS.hoa:16920.1-17029.7,3,29,73,73,7,7,8,1,0,234.0,ok,327.0,ok,,timeout,629.0,ok,461.0,ok
505,data/automata/random/FINLESS.hoa:17388.1-17418.7,3,8,14,14,3,3,5,1,0,9.0,ok,9.0,ok,191.0,ok,24.0,ok,9.0,ok
506,data/automata/random/FINLESS.hoa:17449.1-17525.7,3,21,48,48,8,5,5,1,0,69.0,ok,25.0,ok,,timeout,369.0,ok,69.0,ok
507,data/automata/random/FINLESS.hoa:18567.1-18610.7,3,10,26,26,3,3,6,1,0,14.0,ok,14.0,ok,1255.0,ok,148.0,ok,16.0,ok
508,data/automata/random/FINLESS.hoa:18611.1-18674.7,3,18,38,38,5,7,5,1,0,20.0,ok,25.0,ok,2471.0,ok,119.0,ok,25.0,ok
509,data/automata/random/FINLESS.hoa:19054.1-19137.7,3,24,52,52,11,8,6,1,0,50.0,ok,38.0,ok,,timeout,299.0,ok,54.0,ok
510,data/automata/random/FINLESS.hoa:19262.1-19293.7,3,8,15,15,2,4,1,1,0,12.0,ok,12.0,ok,48.0,ok,44.0,ok,12.0,ok
511,data/automata/random/FINLESS.hoa:20024.1-20065.7,3,11,23,23,4,4,4,1,0,18.0,ok,18.0,ok,1230.0,ok,64.0,ok,18.0,ok
512,data/automata/random/FINLESS.hoa:20361.1-20387.7,3,6,13,13,6,3,1,1,0,8.0,ok,8.0,ok,423.0,ok,46.0,ok,8.0,ok
513,data/automata/random/FINLESS.hoa:20423.1-20446.7,3,6,10,10,4,5,1,1,0,9.0,ok,9.0,ok,128.0,ok,26.0,ok,8.0,ok
514,data/automata/random/FINLESS.hoa:20523.1-20601.7,3,19,52,52,7,3,8,1,0,51.0,ok,37.0,ok,16474.0,ok,253.0,ok,56.0,ok
515,data/automata/random/FINLESS.hoa:20965.1-21015.7,3,14,29,29,2,6,4,1,0,7.0,ok,9.0,ok,347.0,ok,63.0,ok,9.0,ok
516,data/automata/random/FINLESS.hoa:21016.1-21054.7,3,10,21,21,2,6,3,1,0,6.0,ok,8.0,ok,132.0,ok,45.0,ok,8.0,ok
517,data/automata/random/FINLESS.hoa:21055.1-21180.7,3,34,84,84,12,12,5,1,0,55.0,ok,59.0,ok,,timeout,460.0,ok,1914.0,ok
518,data/automata/random/FINLESS.hoa:21288.1-21351.7,3,19,37,37,6,9,5,1,0,18.0,ok,18.0,ok,3716.0,ok,84.0,ok,19.0,ok
519,data/automata/random/FINLESS.hoa:21655.1-21700.7,3,12,26,26,6,2,3,1,0,79.0,ok,58.0,ok,2664.0,ok,260.0,ok,69.0,ok
520,data/automata/random/FINLESS.hoa:21766.1-21860.7,3,25,62,62,8,14,8,1,0,101.0,ok,73.0,ok,,timeout,358.0,ok,95.0,ok
521,data/automata/random/FINLESS.hoa:22993.1-23012.7,3,4,7,7,2,1,0,0,0,10.0,ok,9.0,ok,21.0,ok,16.0,ok,11.0,ok
522,data/automata/random/FINLESS.hoa:23082.1-23115.7,3,8,18,18,3,3,2,1,0,16.0,ok,13.0,ok,314.0,ok,84.0,ok,12.0,ok
523,data/automata/random/FINLESS.hoa:23725.1-23782.7,3,14,35,35,4,4,5,1,0,23.0,ok,24.0,ok,319.0,ok,73.0,ok,25.0,ok
524,data/automata/random/FINLESS.hoa:24143.1-24223.7,3,21,52,52,2,4,6,1,0,30.0,ok,29.0,ok,419.0,ok,127.0,ok,29.0,ok
525,data/automata/random/FINLESS.hoa:24709.1-24784.7,3,17,51,51,5,5,9,1,0,11.0,ok,11.0,ok,2999.0,ok,91.0,ok,14.0,ok
526,data/automata/random/FINLESS.hoa:25058.1-25189.7,3,34,90,90,11,14,6,1,0,164.0,ok,162.0,ok,,timeout,396.0,ok,890.0,ok
527,data/automata/random/FINLESS.hoa:25289.1-25344.7,3,16,32,32,5,6,4,1,0,28.0,ok,21.0,ok,1007.0,ok,82.0,ok,33.0,ok
528,data/automata/random/FINLESS.hoa:25539.1-25677.7,3,41,90,90,2,15,5,1,0,9.0,ok,12.0,ok,204.0,ok,56.0,ok,12.0,ok
529,data/automata/random/FINLESS.hoa:25724.1-25784.7,3,17,36,36,7,7,5,1,0,78.0,ok,70.0,ok,21525.0,ok,176.0,ok,96.0,ok
530,data/automata/random/FINLESS.hoa:26079.1-26120.7,3,12,22,22,2,2,5,1,0,26.0,ok,27.0,ok,196.0,ok,66.0,ok,31.0,ok
531,data/automata/random/FINLESS.hoa:26246.1-26295.7,3,14,27,27,2,4,6,1,0,9.0,ok,11.0,ok,93.0,ok,43.0,ok,15.0,ok
532,data/automata/random/FINLESS.hoa:26296.1-26387.7,3,25,59,59,8,10,4,1,0,14.0,ok,16.0,ok,21582.0,ok,105.0,ok,16.0,ok
533,data/automata/random/FINLESS.hoa:26686.1-26733.7,3,12,28,28,2,6,5,1,0,16.0,ok,16.0,ok,299.0,ok,41.0,ok,18.0,ok
534,data/automata/random/FINLESS.hoa:26931.1-26950.7,3,4,8,8,3,2,2,1,0,4.0,ok,4.0,ok,94.0,ok,22.0,ok,5.0,ok
535,data/automata/random/FINLESS.hoa:26986.1-27075.7,3,22,60,60,6,10,9,1,0,21.0,ok,20.0,ok,2328.0,ok,54.0,ok,23.0,ok
536,data/automata/random/FINLESS.hoa:27076.1-27095.7,3,4,7,7,2,3,1,1,0,6.0,ok,7.0,ok,25.0,ok,13.0,ok,7.0,ok
537,data/automata/random/FINLESS.hoa:27096.1-27177.7,3,22,52,52,7,3,9,1,0,202.0,ok,137.0,ok,24468.0,ok,315.0,ok,492.0,ok
538,data/automata/random/FINLESS.hoa:27658.1-27724.7,3,14,44,44,6,2,8,1,0,62.0,ok,105.0,ok,856.0,ok,114.0,ok,126.0,ok
539,data/automata/random/FINLESS.hoa:27863.1-27909.7,3,12,27,27,7,5,3,1,0,23.0,ok,30.0,ok,4391.0,ok,99.0,ok,24.0,ok
540,data/automata/random/FINLESS.hoa:28073.1-28168.7,3,23,65,65,2,7,7,1,0,48.0,ok,42.0,ok,1886.0,ok,178.0,ok,64.0,ok
541,data/automata/random/FINLESS.hoa:28169.1-28193.7,3,5,11,11,3,1,1,1,0,28.0,ok,22.0,ok,155.0,ok,68.0,ok,23.0,ok
542,data/automata/random/FINLESS.hoa:28352.1-28370.7,3,4,7,7,3,2,1,1,0,10.0,ok,7.0,ok,129.0,ok,38.0,ok,7.0,ok
543,data/automata/random/FINLESS.hoa:28487.1-28515.7,3,8,13,13,4,4,2,1,0,9.0,ok,8.0,ok,244.0,ok,50.0,ok,10.0,ok
544,data/automata/random/FINLESS.hoa:28817.1-28869.7,3,14,30,30,2,5,3,1,0,15.0,ok,13.0,ok,169.0,ok,75.0,ok,15.0,ok
545,data/automata/random/FINLESS.hoa:28922.1-28962.7,3,10,23,23,3,3,4,1,0,13.0,ok,14.0,ok,799.0,ok,56.0,ok,14.0,ok
546,data/automata/random/FINLESS.hoa:29079.1-29138.7,3,13,38,38,2,2,5,1,0,19.0,ok,17.0,ok,151.0,ok,53.0,ok,19.0,ok
547,data/automata/random/FINLESS.hoa:29139.1-29208.7,3,19,43,43,8,6,5,1,0,31.0,ok,24.0,ok,4769.0,ok,88.0,ok,35.0,ok
548,data/automata/random/FINLESS.hoa:29843.1-29884.7,3,10,24,24,5,3,4,1,0,20.0,ok,20.0,ok,2351.0,ok,155.0,ok,23.0,ok
549,data/automata/random/FINLESS.hoa:29932.1-29979.7,3,14,26,26,2,7,3,1,0,8.0,ok,11.0,ok,174.0,ok,47.0,ok,11.0,ok
550,data/automata/random/FINLESS.hoa:29980.1-29996.7,3,4,5,5,5,2,0,0,0,4.0,ok,4.0,ok,25.0,ok,14.0,ok,4.0,ok
551,data/automata/random/FINLESS.hoa:30039.1-30144.7,3,26,72,72,7,7,9,1,0,46.0,ok,20.0,ok,14873.0,ok,157.0,ok,40.0,ok
552,data/automata/random/FINLESS.hoa:30325.1-30382.7,3,15,35,35,7,5,2,1,0,20.0,ok,20.0,ok,30766.0,ok,228.0,ok,27.0,ok
553,data/automata/random/FINLESS.hoa:31247.1-31281.7,3,9,18,18,5,4,2,1,0,25.0,ok,40.0,ok,685.0,ok,63.0,ok,53.0,ok
554,data/automata/random/FINLESS.hoa:31622.1-31669.7,3,13,26,26,2,5,4,1,0,16.0,ok,16.0,ok,168.0,ok,56.0,ok,23.0,ok
555,data/automata/random/FINLESS.hoa:32576.1-32651.7,3,19,48,48,3,7,8,1,0,23.0,ok,17.0,ok,479.0,ok,86.0,ok,25.0,ok
556,data/automata/random/FINLESS.hoa:32954.1-33087.7,3,37,89,89,9,14,7,1,0,170.0,ok,161.0,ok,,timeout,457.0,ok,196.0,ok
557,data/automata/random/FINLESS.hoa:33148.1-33337.7,3,50,132,132,10,11,12,1,0,1175.0,ok,283.0,ok,,timeout,1372.0,ok,1020.0,ok
558,data/automata/random/FINLESS.hoa:33714.1-33796.7,3,22,53,53,4,4,4,1,0,165.0,ok,71.0,ok,5762.0,ok,175.0,ok,107.0,ok
559,data/automata/random/FINLESS.hoa:35237.1-35328.7,3,27,57,57,7,7,6,1,0,48.0,ok,58.0,ok,7473.0,ok,212.0,ok,60.0,ok
560,data/automata/random/FINLESS.hoa:35412.1-35467.7,3,15,33,33,6,8,5,1,0,16.0,ok,17.0,ok,386.0,ok,69.0,ok,17.0,ok
561,data/automata/random/FINLESS.hoa:36248.1-36341.7,3,30,56,56,7,5,4,1,0,53.0,ok,74.0,ok,,timeout,230.0,ok,55.0,ok
562,data/automata/random/FINLESS.hoa:36648.1-36743.7,3,23,65,65,8,8,7,1,0,67.0,ok,54.0,ok,36565.0,ok,174.0,ok,94.0,ok
563,data/automata/random/FINLESS.hoa:36970.1-37080.7,3,32,71,71,8,20,5,1,0,71.0,ok,37.0,ok,,timeout,172.0,ok,52.0,ok
564,data/automata/random/FINLESS.hoa:37603.1-37641.7,3,9,22,22,6,5,2,1,0,12.0,ok,12.0,ok,1109.0,ok,47.0,ok,10.0,ok
565,data/automata/random/FINLESS.hoa:37642.1-37693.7,3,16,27,27,2,2,3,1,0,11.0,ok,11.0,ok,61.0,ok,41.0,ok,17.0,ok
566,data/automata/random/FINLESS.hoa:38122.1-38203.7,3,20,54,54,3,4,6,1,0,52.0,ok,20.0,ok,1838.0,ok,105.0,ok,49.0,ok
567,data/automata/random/FINLESS.hoa:39098.1-39230.7,3,36,89,89,8,13,9,1,0,38.0,ok,27.0,ok,30532.0,ok,137.0,ok,32.0,ok
568,data/automata/random/FINLESS.hoa:40001.1-40036.7,3,9,19,19,3,6,3,1,0,5.0,ok,6.0,ok,121.0,ok,30.0,ok,6.0,ok
569,data/automata/random/FINLESS.hoa:42382.1-42539.7,3,43,107,107,11,8,11,1,0,229.0,ok,75.0,ok,,timeout,537.0,ok,284.0,ok
570,data/automata/random/FINLESS.hoa:43186.1-43206.7,3,5,8,8,3,3,1,1,0,5.0,ok,5.0,ok,127.0,ok,38.0,ok,6.0,ok
571,data/automata/random/FINLESS.hoa:43496.1-43546.7,3,16,27,27,2,6,4,1,0,17.0,ok,15.0,ok,255.0,ok,40.0,ok,16.0,ok
572,data/automata/random/FINLESS.hoa:44449.1-44578.7,3,33,89,89,8,7,8,1,0,217.0,ok,371.0,ok,,timeout,724.0,ok,250.0,ok
573,data/automata/random/FINLESS.hoa:44579.1-44738.7,3,37,115,115,8,9,16,1,0,12.0,ok,12.0,ok,,timeout,300.0,ok,1342.0,ok
574,data/automata/random/FINLESS.hoa:45760.1-45795.7,3,8,19,19,2,4,4,1,0,14.0,ok,13.0,ok,94.0,ok,33.0,ok,14.0,ok
575,data/automata/random/FINLESS.hoa:46249.1-46283.7,3,9,18,18,3,5,2,1,0,11.0,ok,13.0,ok,265.0,ok,36.0,ok,10.0,ok
576,data/automata/random/FINLESS.hoa:46345.1-46383.7,3,10,21,21,4,2,2,1,0,30.0,ok,29.0,ok,664.0,ok,112.0,ok,31.0,ok
577,data/automata/random/FINLESS.hoa:46592.1-46836.7,3,57,180,180,7,10,14,1,0,848.0,ok,282.0,ok,,timeout,1674.0,ok,1494.0,ok
578,data/automata/random/FINLESS.hoa:46919.1-46953.7,3,9,17,17,2,2,2,1,0,18.0,ok,15.0,ok,167.0,ok,66.0,ok,15.0,ok
579,data/automata/random/FINLESS.hoa:46954.1-47034.7,3,26,47,47,7,7,5,1,0,127.0,ok,111.0,ok,,timeout,404.0,ok,127.0,ok
580,data/automata/random/FINLESS.hoa:47223.1-47306.7,3,21,55,55,4,9,7,1,0,58.0,ok,41.0,ok,3402.0,ok,241.0,ok,59.0,ok
581,data/automata/random/FINLESS.hoa:48456.1-48543.7,3,22,58,58,8,8,6,1,0,213.0,ok,400.0,ok,62849.0,ok,478.0,ok,526.0,ok
582,data/automata/random/FINLESS.hoa:49169.1-49285.7,3,36,73,73,6,15,4,1,0,14.0,ok,15.0,ok,2254.0,ok,70.0,ok,15.0,ok
583,data/automata/random/FINLESS.hoa:49286.1-49373.7,3,22,58,58,8,3,6,1,0,118.0,ok,185.0,ok,27768.0,ok,280.0,ok,233.0,ok
584,data/automata/random/FINLESS.hoa:49433.1-49610.7,3,44,126,126,5,10,9,1,0,69.0,ok,90.0,ok,,timeout,211.0,ok,131.0,ok
585,data/automata/random/FINLESS.hoa:49803.1-49931.7,3,36,85,85,9,13,8,1,0,,timeout,449.0,ok,,timeout,228.0,ok,506.0,ok
586,data/automata/random/FINLESS.hoa:50871.1-50915.7,3,13,24,24,6,4,4,1,0,28.0,ok,25.0,ok,1013.0,ok,67.0,ok,41.0,ok
587,data/automata/random/FINLESS.hoa:92.1-160.7,2,20,41,41,4,7,7,1,0,16.0,ok,16.0,ok,4353.0,ok,162.0,ok,32.0,ok
588,data/automata/random/FINLESS.hoa:232.1-314.7,2,21,54,54,3,7,6,1,0,,timeout,139.0,ok,10556.0,ok,544.0,ok,221.0,ok
589,data/automata/random/FINLESS.hoa:848.1-904.7,2,15,34,34,2,7,7,1,0,24.0,ok,24.0,ok,1122.0,ok,148.0,ok,32.0,ok
590,data/automata/random/FINLESS.hoa:1098.1-1169.7,2,17,46,46,3,6,7,1,0,26.0,ok,23.0,ok,284.0,ok,55.0,ok,28.0,ok
591,data/automata/random/FINLESS.hoa:1216.1-1241.7,2,6,12,12,3,3,2,1,0,7.0,ok,7.0,ok,345.0,ok,56.0,ok,9.0,ok
592,data/automata/random/FINLESS.hoa:1606.1-1712.7,2,32,67,67,8,16,6,1,0,186.0,ok,109.0,ok,,timeout,722.0,ok,157.0,ok
593,data/automata/random/FINLESS.hoa:1839.1-1895.7,2,16,32,32,3,6,7,1,0,12.0,ok,14.0,ok,50.0,ok,38.0,ok,19.0,ok
594,data/automata/random/FINLESS.hoa:2138.1-2214.7,2,21,48,48,6,12,4,1,0,32.0,ok,31.0,ok,29827.0,ok,94.0,ok,31.0,ok
595,data/automata/random/FINLESS.hoa:2328.1-2348.7,2,4,9,9,4,2,2,1,0,8.0,ok,8.0,ok,186.0,ok,32.0,ok,9.0,ok
596,data/automata/random/FINLESS.hoa:2378.1-2422.7,2,10,27,27,4,3,4,1,0,52.0,ok,25.0,ok,9408.0,ok,578.0,ok,57.0,ok
597,data/automata/random/FINLESS.hoa:2485.1-2563.7,2,18,52,52,3,8,11,1,0,37.0,ok,36.0,ok,150.0,ok,95.0,ok,37.0,ok
598,data/automata/random/FINLESS.hoa:2862.1-2927.7,2,15,43,43,5,4,5,1,0,185.0,ok,197.0,ok,33032.0,ok,676.0,ok,208.0,ok
599,data/automata/random/FINLESS.hoa:2928.1-2977.7,2,16,26,26,3,5,4,1,0,13.0,ok,17.0,ok,455.0,ok,56.0,ok,17.0,ok
600,data/automata/random/FINLESS.hoa:3219.1-3245.7,2,6,12,12,2,1,0,0,0,12.0,ok,11.0,ok,30.0,ok,26.0,ok,11.0,ok
601,data/automata/random/FINLESS.hoa:3293.1-3316.7,2,7,9,9,4,3,1,1,0,18.0,ok,13.0,ok,432.0,ok,47.0,ok,12.0,ok
602,data/automata/random/FINLESS.hoa:3385.1-3507.7,2,31,84,84,8,9,13,1,0,,timeout,343.0,ok,33942.0,ok,588.0,ok,523.0,ok
603,data/automata/random/FINLESS.hoa:4031.1-4093.7,2,16,39,39,7,5,5,1,0,974.0,ok,590.0,ok,87516.0,ok,389.0,ok,949.0,ok
604,data/automata/random/FINLESS.hoa:4244.1-4323.7,2,21,51,51,9,5,10,1,0,69.0,ok,66.0,ok,12564.0,ok,333.0,ok,137.0,ok
605,data/automata/random/FINLESS.hoa:4419.1-4460.7,2,12,22,22,3,5,2,1,0,10.0,ok,9.0,ok,178.0,ok,54.0,ok,11.0,ok
606,data/automata/random/FINLESS.hoa:4545.1-4595.7,2,14,29,29,6,11,3,1,0,9.0,ok,11.0,ok,422.0,ok,31.0,ok,11.0,ok
607,data/automata/random/FINLESS.hoa:4596.1-4671.7,2,20,48,48,6,4,7,1,0,34.0,ok,31.0,ok,2083.0,ok,165.0,ok,36.0,ok
608,data/automata/random/FINLESS.hoa:6120.1-6188.7,2,21,40,40,8,9,3,1,0,79.0,ok,40.0,ok,,timeout,194.0,ok,43.0,ok
609,data/automata/random/FINLESS.hoa:6189.1-6279.7,2,24,59,59,8,7,8,1,0,741.0,ok,877.0,ok,5865.0,ok,315.0,ok,1042.0,ok
610,data/automata/random/FINLESS.hoa:6428.1-6467.7,2,10,22,22,7,4,3,1,0,11.0,ok,10.0,ok,5618.0,ok,72.0,ok,10.0,ok
611,data/automata/random/FINLESS.hoa:6468.1-6507.7,2,10,22,22,2,4,4,1,0,12.0,ok,9.0,ok,241.0,ok,43.0,ok,12.0,ok
612,data/automata/random/FINLESS.hoa:6783.1-6800.7,2,3,6,6,2,2,0,0,0,6.0,ok,6.0,ok,16.0,ok,11.0,ok,6.0,ok
613,data/automata/random/FINLESS.hoa:6863.1-7002.7,2,33,99,99,8,7,15,1,0,254.0,ok,122.0,ok,,timeout,462.0,ok,180.0,ok
614,data/automata/random/FINLESS.hoa:7191.1-7216.7,2,6,12,12,2,5,1,1,0,5.0,ok,6.0,ok,38.0,ok,18.0,ok,6.0,ok
615,data/automata/random/FINLESS.hoa:7217.1-7284.7,2,20,40,40,7,8,5,1,0,44.0,ok,23.0,ok,10474.0,ok,208.0,ok,34.0,ok
616,data/automata/random/FINLESS.hoa:7534.1-7592.7,2,17,34,34,2,6,7,1,0,29.0,ok,25.0,ok,546.0,ok,79.0,ok,26.0,ok
617,data/automata/random/FINLESS.hoa:8254.1-8290.7,2,10,19,19,3,5,2,1,0,18.0,ok,15.0,ok,143.0,ok,51.0,ok,15.0,ok
618,data/automata/random/FINLESS.hoa:8735.1-8791.7,2,15,34,34,4,5,5,1,0,19.0,ok,14.0,ok,1334.0,ok,58.0,ok,21.0,ok
619,data/automata/random/FINLESS.hoa:10075.1-10102.7,2,7,13,13,2,6,2,1,0,10.0,ok,11.0,ok,130.0,ok,46.0,ok,11.0,ok
620,data/automata/random/FINLESS.hoa:10406.1-10495.7,2,22,60,60,7,5,8,1,0,150.0,ok,73.0,ok,27828.0,ok,240.0,ok,196.0,ok
621,data/automata/random/FINLESS.hoa:10654.1-10733.7,2,24,48,48,6,8,8,1,0,18.0,ok,18.0,ok,1162.0,ok,70.0,ok,16.0,ok
622,data/automata/random/FINLESS.hoa:10734.1-10767.7,2,8,17,17,2,1,4,1,0,36.0,ok,29.0,ok,241.0,ok,53.0,ok,31.0,ok
623,data/automata/random/FINLESS.hoa:10768.1-10825.7,2,16,34,34,4,10,4,1,0,10.0,ok,11.0,ok,1279.0,ok,84.0,ok,14.0,ok
624,data/automata/random/FINLESS.hoa:11002.1-11063.7,2,17,36,36,2,11,5,1,0,7.0,ok,7.0,ok,280.0,ok,51.0,ok,8.0,ok
625,data/automata/random/FINLESS.hoa:11136.1-11170.7,2,8,18,18,2,1,3,1,0,27.0,ok,25.0,ok,427.0,ok,116.0,ok,31.0,ok
626,data/automata/random/FINLESS.hoa:12080.1-12175.7,2,23,65,65,8,5,10,1,0,8742.0,ok,838.0,ok,97990.0,ok,797.0,ok,5865.0,ok
627,data/automata/random/FINLESS.hoa:12176.1-12223.7,2,13,27,27,3,5,4,1,0,39.0,ok,32.0,ok,516.0,ok,84.0,ok,35.0,ok
628,data/automata/random/FINLESS.hoa:12224.1-12244.7,2,5,8,8,4,2,1,1,0,6.0,ok,6.0,ok,95.0,ok,21.0,ok,6.0,ok
629,data/automata/random/FINLESS.hoa:12245.1-12323.7,2,19,52,52,8,5,8,1,0,7512.0,ok,671.0,ok,,timeout,1341.0,ok,1254.0,ok
630,data/automata/random/FINLESS.hoa:13234.1-13280.7,2,13,26,26,3,3,6,1,0,133.0,ok,95.0,ok,1003.0,ok,116.0,ok,126.0,ok
631,data/automata/random/FINLESS.hoa:13314.1-13379.7,2,15,43,43,6,4,7,1,0,,timeout,238.0,ok,112634.0,ok,1141.0,ok,514.0,ok
632,data/automata/random/FINLESS.hoa:14091.1-14139.7,2,11,30,30,8,8,5,1,0,25.0,ok,22.0,ok,69006.0,ok,126.0,ok,26.0,ok
633,data/automata/random/FINLESS.hoa:14669.1-14803.7,2,36,91,91,13,11,10,1,0,,timeout,119.0,ok,,timeout,785.0,ok,555.0,ok
634,data/automata/random/FINLESS.hoa:14804.1-14867.7,2,17,39,39,5,6,5,1,0,16.0,ok,12.0,ok,1381.0,ok,107.0,ok,24.0,ok
635,data/automata/random/FINLESS.hoa:14868.1-14968.7,2,28,65,65,7,8,6,1,0,129.0,ok,119.0,ok,,timeout,330.0,ok,121.0,ok
636,data/automata/random/FINLESS.hoa:15039.1-15301.7,2,71,184,184,12,23,22,1,0,5564.0,ok,646.0,ok,,timeout,1512.0,ok,5281.0,ok
637,data/automata/random/FINLESS.hoa:15458.1-15496.7,2,10,21,21,4,6,5,1,0,16.0,ok,13.0,ok,580.0,ok,68.0,ok,14.0,ok
638,data/automata/random/FINLESS.hoa:15675.1-15697.7,2,5,9,9,3,1,1,1,0,13.0,ok,14.0,ok,235.0,ok,67.0,ok,14.0,ok
639,data/automata/random/FINLESS.hoa:15698.1-15754.7,2,15,34,34,3,8,5,1,0,30.0,ok,30.0,ok,3495.0,ok,389.0,ok,40.0,ok
640,data/automata/random/FINLESS.hoa:15883.1-16071.7,2,52,129,129,7,23,8,1,0,195.0,ok,164.0,ok,,timeout,647.0,ok,216.0,ok
641,data/automata/random/FINLESS.hoa:16373.1-16483.7,2,32,71,71,3,12,9,1,0,,timeout,68.0,ok,2880.0,ok,205.0,ok,83.0,ok
642,data/automata/random/FINLESS.hoa:16484.1-16557.7,2,20,46,46,9,9,6,1,0,1321.0,ok,410.0,ok,53237.0,ok,666.0,ok,710.0,ok
643,data/automata/random/FINLESS.hoa:16558.1-16585.7,2,7,13,13,3,2,4,1,0,9.0,ok,9.0,ok,259.0,ok,31.0,ok,11.0,ok
644,data/automata/random/FINLESS.hoa:17030.1-17047.7,2,4,6,6,5,3,0,0,0,5.0,ok,5.0,ok,66.0,ok,11.0,ok,5.0,ok
645,data/automata/random/FINLESS.hoa:17048.1-17168.7,2,28,85,85,5,6,10,1,0,,timeout,32100.0,ok,,timeout,24396.0,ok,247235.0,ok
646,data/automata/random/FINLESS.hoa:17169.1-17293.7,2,35,82,82,7,10,10,1,0,124.0,ok,34.0,ok,,timeout,336.0,ok,114.0,ok
647,data/automata/random/FINLESS.hoa:17419.1-17448.7,2,7,14,14,2,1,1,1,0,43.0,ok,40.0,ok,660.0,ok,152.0,ok,40.0,ok
648,data/automata/random/FINLESS.hoa:17915.1-17954.7,2,10,22,22,4,2,5,1,0,63.0,ok,51.0,ok,560.0,ok,84.0,ok,59.0,ok
649,data/automata/random/FINLESS.hoa:18493.1-18566.7,2,16,49,49,2,3,6,1,0,132.0,ok,257.0,ok,972.0,ok,245.0,ok,148.0,ok
650,data/automata/random/FINLESS.hoa:18856.1-18972.7,2,34,75,75,2,12,6,1,0,44.0,ok,27.0,ok,1711.0,ok,152.0,ok,32.0,ok
651,data/automata/random/FINLESS.hoa:19138.1-19216.7,2,20,51,51,2,5,12,1,0,45.0,ok,33.0,ok,879.0,ok,117.0,ok,38.0,ok
652,data/automata/random/FINLESS.hoa:19294.1-19443.7,2,41,101,101,11,10,10,1,0,6940.0,ok,1156.0,ok,,timeout,1345.0,ok,1378.0,ok
653,data/automata/random/FINLESS.hoa:19964.1-20023.7,2,17,35,35,7,7,6,1,0,17.0,ok,23.0,ok,1945.0,ok,52.0,ok,18.0,ok
654,data/automata/random/FINLESS.hoa:20161.1-20209.7,2,13,28,28,3,3,5,1,0,10.0,ok,10.0,ok,692.0,ok,82.0,ok,21.0,ok
655,data/automata/random/FINLESS.hoa:20388.1-20422.7,2,10,17,17,3,6,1,1,0,6.0,ok,6.0,ok,58.0,ok,16.0,ok,6.0,ok
656,data/automata/random/FINLESS.hoa:21518.1-21588.7,2,23,40,40,7,11,3,1,0,11.0,ok,12.0,ok,798.0,ok,60.0,ok,13.0,ok
657,data/automata/random/FINLESS.hoa:21701.1-21731.7,2,7,16,16,2,5,3,1,0,9.0,ok,9.0,ok,51.0,ok,33.0,ok,9.0,ok
658,data/automata/random/FINLESS.hoa:21990.1-22122.7,2,34,91,91,3,8,12,1,0,140.0,ok,233.0,ok,41965.0,ok,681.0,ok,337.0,ok
659,data/automata/random/FINLESS.hoa:22277.1-22356.7,2,23,49,49,6,5,7,1,0,31.0,ok,36.0,ok,10371.0,ok,157.0,ok,36.0,ok
660,data/automata/random/FINLESS.hoa:23293.1-23328.7,2,10,18,18,6,5,3,1,0,17.0,ok,13.0,ok,3249.0,ok,79.0,ok,14.0,ok
661,data/automata/random/FINLESS.hoa:23329.1-23476.7,2,38,102,102,13,13,13,1,0,9476.0,ok,1135.0,ok,,timeout,1530.0,ok,811717.0,ok
662,data/automata/random/FINLESS.hoa:23477.1-23577.7,2,24,68,68,3,11,12,1,0,113.0,ok,110.0,ok,1468.0,ok,319.0,ok,170.0,ok
663,data/automata/random/FINLESS.hoa:23578.1-23627.7,2,15,27,27,2,7,4,1,0,9.0,ok,12.0,ok,176.0,ok,44.0,ok,12.0,ok
664,data/automata/random/FINLESS.hoa:24027.1-24142.7,2,35,73,73,8,12,6,1,0,41.0,ok,58.0,ok,,timeout,242.0,ok,58.0,ok
665,data/automata/random/FINLESS.hoa:24224.1-24332.7,2,32,69,69,7,14,8,1,0,29.0,ok,25.0,ok,56285.0,ok,109.0,ok,27.0,ok
666,data/automata/random/FINLESS.hoa:24811.1-24867.7,2,14,35,35,3,2,9,1,0,,timeout,1311.0,ok,,timeout,2656.0,ok,2488.0,ok
667,data/automata/random/FINLESS.hoa:25033.1-25057.7,2,6,11,11,4,3,1,1,0,5.0,ok,5.0,ok,150.0,ok,28.0,ok,5.0,ok
668,data/automata/random/FINLESS.hoa:25678.1-25723.7,2,13,25,25,10,8,3,1,0,16.0,ok,16.0,ok,,timeout,85.0,ok,33.0,ok
669,data/automata/random/FINLESS.hoa:26734.1-26755.7,2,5,9,9,7,3,2,1,0,8.0,ok,8.0,ok,76.0,ok,27.0,ok,8.0,ok
670,data/automata/random/FINLESS.hoa:27178.1-27247.7,2,16,45,45,4,2,11,1,0,97.0,ok,122.0,ok,670.0,ok,119.0,ok,140.0,ok
671,data/automata/random/FINLESS.hoa:27442.1-27491.7,2,14,28,28,5,3,5,1,0,110.0,ok,54.0,ok,5534.0,ok,166.0,ok,78.0,ok
672,data/automata/random/FINLESS.hoa:28194.1-28258.7,2,17,40,40,4,6,4,1,0,86.0,ok,83.0,ok,11334.0,ok,332.0,ok,91.0,ok
673,data/automata/random/FINLESS.hoa:28391.1-28442.7,2,15,29,29,6,7,3,1,0,18.0,ok,13.0,ok,2250.0,ok,59.0,ok,13.0,ok
674,data/automata/random/FINLESS.hoa:28443.1-28486.7,2,11,25,25,6,4,3,1,0,24.0,ok,22.0,ok,2632.0,ok,113.0,ok,20.0,ok
675,data/automata/random/FINLESS.hoa:28516.1-28556.7,2,11,22,22,3,3,5,1,0,30.0,ok,32.0,ok,713.0,ok,57.0,ok,31.0,ok
676,data/automata/random/FINLESS.hoa:28557.1-28610.7,2,12,34,34,3,2,7,1,0,80.0,ok,65.0,ok,1754.0,ok,144.0,ok,85.0,ok
677,data/automata/random/FINLESS.hoa:28611.1-28757.7,2,36,103,103,10,11,13,1,0,455.0,ok,284.0,ok,,timeout,899.0,ok,590.0,ok
678,data/automata/random/FINLESS.hoa:29467.1-29705.7,2,67,164,164,10,20,13,1,0,1379.0,ok,600.0,ok,,timeout,687.0,ok,1274.0,ok
679,data/automata/random/FINLESS.hoa:29997.1-30038.7,2,11,23,23,6,6,2,1,0,14.0,ok,13.0,ok,1112.0,ok,75.0,ok,12.0,ok
680,data/automata/random/FINLESS.hoa:30145.1-30175.7,2,7,15,15,2,1,3,1,0,9.0,ok,9.0,ok,228.0,ok,62.0,ok,9.0,ok
681,data/automata/random/FINLESS.hoa:30202.1-30240.7,2,10,21,21,3,3,4,1,0,24.0,ok,26.0,ok,3104.0,ok,236.0,ok,31.0,ok
682,data/automata/random/FINLESS.hoa:30241.1-30259.7,2,4,6,6,2,2,0,0,0,7.0,ok,7.0,ok,17.0,ok,15.0,ok,7.0,ok
683,data/automata/random/FINLESS.hoa:30401.1-30476.7,2,16,51,51,4,3,7,1,0,78.0,ok,99.0,ok,1610.0,ok,200.0,ok,134.0,ok
684,data/automata/random/FINLESS.hoa:30477.1-30516.7,2,10,22,22,2,4,3,1,0,8.0,ok,8.0,ok,234.0,ok,36.0,ok,10.0,ok
685,data/automata/random/FINLESS.hoa:30693.1-30807.7,2,32,75,75,10,16,9,1,0,,timeout,129.0,ok,,timeout,593.0,ok,1250.0,ok
686,data/automata/random/FINLESS.hoa:31077.1-31145.7,2,22,39,39,8,8,2,1,0,60.0,ok,37.0,ok,,timeout,87.0,ok,38.0,ok
687,data/automata/random/FINLESS.hoa:31146.1-31246.7,2,29,64,64,6,9,5,1,0,73.0,ok,60.0,ok,3029.0,ok,171.0,ok,69.0,ok
688,data/automata/random/FINLESS.hoa:31282.1-31367.7,2,27,51,51,6,11,5,1,0,31.0,ok,25.0,ok,5449.0,ok,109.0,ok,38.0,ok
689,data/automata/random/FINLESS.hoa:31670.1-31713.7,2,12,24,24,4,4,3,1,0,46.0,ok,46.0,ok,1072.0,ok,108.0,ok,50.0,ok
690,data/automata/random/FINLESS.hoa:31714.1-31803.7,2,23,59,59,9,9,8,1,0,49.0,ok,55.0,ok,14131.0,ok,256.0,ok,64.0,ok
691,data/automata/random/FINLESS.hoa:31869.1-31958.7,2,20,61,61,3,2,9,1,0,161.0,ok,98.0,ok,2575.0,ok,406.0,ok,122.0,ok
692,data/automata/random/FINLESS.hoa:32305.1-32368.7,2,18,38,38,5,13,4,1,0,21.0,ok,16.0,ok,1317.0,ok,65.0,ok,19.0,ok
693,data/automata/random/FINLESS.hoa:33127.1-33147.7,2,5,8,8,3,3,1,1,0,5.0,ok,5.0,ok,124.0,ok,28.0,ok,6.0,ok
694,data/automata/random/FINLESS.hoa:33373.1-33423.7,2,13,30,30,2,3,5,1,0,17.0,ok,14.0,ok,565.0,ok,91.0,ok,31.0,ok
695,data/automata/random/FINLESS.hoa:33424.1-33472.7,2,12,29,29,6,4,5,1,0,69.0,ok,43.0,ok,4269.0,ok,178.0,ok,62.0,ok
696,data/automata/random/FINLESS.hoa:33636.1-33713.7,2,20,50,50,6,5,10,1,0,77.0,ok,50.0,ok,30910.0,ok,152.0,ok,99.0,ok
697,data/automata/random/FINLESS.hoa:34190.1-34236.7,2,10,29,29,3,3,5,1,0,211.0,ok,160.0,ok,4150.0,ok,397.0,ok,211.0,ok
698,data/automata/random/FINLESS.hoa:34995.1-35111.7,2,30,79,79,8,8,11,1,0,325.0,ok,189.0,ok,,timeout,480.0,ok,290.0,ok
699,data/automata/random/FINLESS.hoa:35112.1-35156.7,2,12,24,24,2,2,5,1,0,15.0,ok,12.0,ok,117.0,ok,41.0,ok,14.0,ok
700,data/automata/random/FINLESS.hoa:35805.1-35909.7,2,25,72,72,2,8,9,1,0,247.0,ok,216.0,ok,8070.0,ok,552.0,ok,290.0,ok
701,data/automata/random/FINLESS.hoa:35937.1-35962.7,2,6,12,12,5,4,4,1,0,14.0,ok,13.0,ok,500.0,ok,27.0,ok,13.0,ok
702,data/automata/random/FINLESS.hoa:36342.1-36401.7,2,16,36,36,4,6,6,1,0,27.0,ok,27.0,ok,3123.0,ok,174.0,ok,57.0,ok
703,data/automata/random/FINLESS.hoa:36770.1-36794.7,2,6,11,11,4,2,2,1,0,7.0,ok,7.0,ok,28.0,ok,18.0,ok,7.0,ok
704,data/automata/random/FINLESS.hoa:36795.1-36830.7,2,10,17,17,2,3,3,1,0,9.0,ok,7.0,ok,80.0,ok,41.0,ok,11.0,ok
705,data/automata/random/FINLESS.hoa:37271.1-37341.7,2,20,43,43,6,6,8,1,0,89.0,ok,114.0,ok,38604.0,ok,297.0,ok,152.0,ok
706,data/automata/random/FINLESS.hoa:37725.1-37839.7,2,28,79,79,6,4,8,1,0,1281.0,ok,220.0,ok,,timeout,736.0,ok,364.0,ok
707,data/automata/random/FINLESS.hoa:38073.1-38121.7,2,12,29,29,3,3,5,1,0,159.0,ok,125.0,ok,1385.0,ok,197.0,ok,156.0,ok
708,data/automata/random/FINLESS.hoa:38204.1-38327.7,2,32,84,84,10,8,14,1,0,144.0,ok,74.0,ok,,timeout,323.0,ok,328.0,ok
709,data/automata/random/FINLESS.hoa:38586.1-38656.7,2,19,44,44,3,10,6,1,0,23.0,ok,22.0,ok,1042.0,ok,88.0,ok,27.0,ok
710,data/automata/random/FINLESS.hoa:38686.1-38754.7,2,19,42,42,8,8,6,1,0,66.0,ok,27.0,ok,33089.0,ok,91.0,ok,54.0,ok
711,data/automata/random/FINLESS.hoa:38755.1-38773.7,2,4,5,5,3,1,0,0,0,12.0,ok,10.0,ok,27.0,ok,22.0,ok,11.0,ok
712,data/automata/random/FINLESS.hoa:39356.1-39422.7,2,17,41,41,3,2,9,1,0,47.0,ok,68.0,ok,745.0,ok,121.0,ok,82.0,ok
713,data/automata/random/FINLESS.hoa:39691.1-39763.7,2,20,45,45,6,9,6,1,0,56.0,ok,24.0,ok,26752.0,ok,254.0,ok,37.0,ok
714,data/automata/random/FINLESS.hoa:40591.1-40607.7,2,4,5,5,4,3,1,1,0,2.0,ok,2.0,ok,31.0,ok,13.0,ok,3.0,ok
715,data/automata/random/FINLESS.hoa:40954.1-40979.7,2,6,12,12,3,2,1,1,0,23.0,ok,23.0,ok,276.0,ok,65.0,ok,23.0,ok
716,data/automata/random/FINLESS.hoa:41081.1-41104.7,2,5,10,10,2,1,0,0,0,11.0,ok,9.0,ok,29.0,ok,25.0,ok,9.0,ok
717,data/automata/random/FINLESS.hoa:41161.1-41262.7,2,27,67,67,7,11,8,1,0,94.0,ok,115.0,ok,,timeout,187.0,ok,128.0,ok
718,data/automata/random/FINLESS.hoa:41515.1-41536.7,2,5,8,8,2,1,1,1,0,12.0,ok,10.0,ok,92.0,ok,50.0,ok,11.0,ok
719,data/automata/random/FINLESS.hoa:41899.1-41920.7,2,5,9,9,3,2,1,1,0,9.0,ok,7.0,ok,120.0,ok,40.0,ok,7.0,ok
720,data/automata/random/FINLESS.hoa:42030.1-42262.7,2,69,156,156,13,19,13,1,0,869.0,ok,191.0,ok,,timeout,731.0,ok,1636.0,ok
721,data/automata/random/FINLESS.hoa:42263.1-42358.7,2,27,61,61,4,6,4,1,0,160.0,ok,275.0,ok,34250.0,ok,348.0,ok,133.0,ok
722,data/automata/random/FINLESS.hoa:43207.1-43248.7,2,11,23,23,4,3,2,1,0,14.0,ok,13.0,ok,889.0,ok,60.0,ok,14.0,ok
723,data/automata/random/FINLESS.hoa:44903.1-45091.7,2,44,137,137,11,13,17,1,0,747.0,ok,199.0,ok,,timeout,834.0,ok,970.0,ok
724,data/automata/random/FINLESS.hoa:45514.1-45587.7,2,19,47,47,6,5,4,1,0,5014.0,ok,627.0,ok,88542.0,ok,1271.0,ok,577.0,ok
725,data/automata/random/FINLESS.hoa:45629.1-45648.7,2,4,7,7,3,2,0,0,0,4.0,ok,4.0,ok,23.0,ok,16.0,ok,4.0,ok
726,data/automata/random/FINLESS.hoa:45716.1-45759.7,2,11,25,25,4,3,5,1,0,9.0,ok,9.0,ok,1026.0,ok,110.0,ok,11.0,ok
727,data/automata/random/FINLESS.hoa:45930.1-45975.7,2,11,27,27,5,4,5,1,0,44.0,ok,23.0,ok,97428.0,ok,1610.0,ok,39.0,ok
728,data/automata/random/FINLESS.hoa:45976.1-46070.7,2,29,58,58,7,11,4,1,0,16.0,ok,17.0,ok,2323.0,ok,117.0,ok,24.0,ok
729,data/automata/random/FINLESS.hoa:46071.1-46164.7,2,26,60,60,7,13,5,1,0,31.0,ok,15.0,ok,5409.0,ok,102.0,ok,18.0,ok
730,data/automata/random/FINLESS.hoa:46837.1-46887.7,2,13,30,30,3,7,6,1,0,18.0,ok,18.0,ok,1148.0,ok,116.0,ok,24.0,ok
731,data/automata/random/FINLESS.hoa:46888.1-46918.7,2,8,15,15,6,6,2,1,0,3.0,ok,3.0,ok,938.0,ok,24.0,ok,3.0,ok
732,data/automata/random/FINLESS.hoa:47078.1-47140.7,2,17,37,37,2,7,6,1,0,21.0,ok,18.0,ok,191.0,ok,56.0,ok,20.0,ok
733,data/automata/random/FINLESS.hoa:47141.1-47222.7,2,18,56,56,7,4,7,1,0,1212.0,ok,162.0,ok,37064.0,ok,559.0,ok,21009.0,ok
734,data/automata/random/FINLESS.hoa:47307.1-47375.7,2,20,41,41,6,10,4,1,0,46.0,ok,30.0,ok,67322.0,ok,136.0,ok,44.0,ok
735,data/automata/random/FINLESS.hoa:47376.1-47405.7,2,7,15,15,2,4,1,1,0,10.0,ok,11.0,ok,139.0,ok,34.0,ok,9.0,ok
736,data/automata/random/FINLESS.hoa:47470.1-47727.7,2,63,187,187,12,13,17,1,0,944.0,ok,498.0,ok,,timeout,1531.0,ok,26752.0,ok
737,data/automata/random/FINLESS.hoa:47874.1-47887.7,2,2,2,2,2,1,0,0,0,3.0,ok,3.0,ok,12.0,ok,9.0,ok,3.0,ok
738,data/automata/random/FINLESS.hoa:48053.1-48132.7,2,21,51,51,9,8,7,1,0,61.0,ok,70.0,ok,,timeout,263.0,ok,112.0,ok
739,data/automata/random/FINLESS.hoa:48544.1-48621.7,2,19,51,51,6,4,8,1,0,73.0,ok,69.0,ok,7756.0,ok,237.0,ok,99.0,ok
740,data/automata/random/FINLESS.hoa:48806.1-48904.7,2,28,63,63,8,14,6,1,0,44.0,ok,38.0,ok,26548.0,ok,111.0,ok,39.0,ok
741,data/automata/random/FINLESS.hoa:49995.1-50010.7,2,3,4,4,2,2,1,1,0,9.0,ok,9.0,ok,29.0,ok,15.0,ok,9.0,ok
742,data/automata/random/FINLESS.hoa:50125.1-50277.7,2,43,102,102,12,10,12,1,0,318.0,ok,157.0,ok,,timeout,284.0,ok,256.0,ok
743,data/automata/random/FINLESS.hoa:50340.1-50371.7,2,8,16,16,4,4,4,1,0,11.0,ok,12.0,ok,1432.0,ok,79.0,ok,13.0,ok
744,data/automata/random/FINLESS.hoa:50663.1-50766.7,2,24,72,72,5,4,11,1,0,314.0,ok,78.0,ok,7077.0,ok,279.0,ok,234.0,ok
745,data/automata/random/FINLESS.hoa:51168.1-51237.7,2,20,42,42,10,7,5,1,0,42.0,ok,40.0,ok,,timeout,177.0,ok,70.0,ok
