,input.source,input.ap,input.states,input.edges,input.transitions,input.acc_sets,input.scc,input.nondetstates,input.nondeterministic,input.alternating,SimCo,SimCo_exit_status,Autfilt,Autfilt_exit_status,Seminator,Seminator_exit_status,Kofola,Kofola_exit_status,SimCo+,SimCo+_exit_status
0,data/automata/practice/practice_automata.hoa:1.1-8843.7,3,1933,6901,7393,4,550,925,1,0,34484.0,ok,424.0,ok,183.0,ok,247.0,ok,4249.0,ok
1,data/automata/practice/practice_automata.hoa:8844.1-9203.7,5,74,277,610,2,6,20,1,0,10819.0,ok,260.0,ok,145.0,ok,206.0,ok,969.0,ok
2,data/automata/practice/practice_automata.hoa:9204.1-9398.7,4,32,154,154,2,23,19,1,0,217.0,ok,8.0,ok,7.0,ok,10.0,ok,53.0,ok
3,data/automata/practice/practice_automata.hoa:9399.1-9440.7,3,14,19,19,2,14,6,1,0,26.0,ok,10.0,ok,9.0,ok,9.0,ok,20.0,ok
4,data/automata/practice/practice_automata.hoa:9441.1-9477.7,3,6,22,40,2,3,2,1,0,81.0,ok,5.0,ok,4.0,ok,5.0,ok,26.0,ok
5,data/automata/practice/practice_automata.hoa:11461.1-14152.7,8,138,2545,10099,2,45,77,1,0,982.0,ok,50.0,ok,50.0,ok,50.0,ok,255.0,ok
6,data/automata/practice/practice_automata.hoa:14153.1-14196.7,3,9,26,32,2,6,5,1,0,55.0,ok,6.0,ok,5.0,ok,6.0,ok,28.0,ok
7,data/automata/practice/practice_automata.hoa:14197.1-14223.7,3,5,13,13,2,4,4,1,0,42.0,ok,4.0,ok,3.0,ok,3.0,ok,17.0,ok
8,data/automata/practice/practice_automata.hoa:14224.1-17759.7,2,1117,2410,2410,2,357,541,1,0,10782.0,ok,1287.0,ok,373.0,ok,666.0,ok,2556.0,ok
9,data/automata/practice/practice_automata.hoa:17760.1-17786.7,2,5,13,13,2,4,4,1,0,42.0,ok,4.0,ok,3.0,ok,3.0,ok,17.0,ok
10,data/automata/practice/practice_automata.hoa:17787.1-17836.7,4,11,30,54,2,8,3,1,0,27.0,ok,8.0,ok,8.0,ok,8.0,ok,16.0,ok
11,data/automata/practice/practice_automata.hoa:17837.1-17858.7,2,4,9,16,2,4,3,1,0,79.0,ok,4.0,ok,1.0,ok,2.0,ok,18.0,ok
12,data/automata/practice/practice_automata.hoa:17859.1-18175.7,8,43,265,435,2,21,0,0,0,155.0,ok,44.0,ok,7.0,ok,9.0,ok,89.0,ok
13,data/automata/practice/practice_automata.hoa:18176.1-18219.7,3,9,26,32,2,6,5,1,0,55.0,ok,6.0,ok,5.0,ok,6.0,ok,28.0,ok
14,data/automata/practice/practice_automata.hoa:18220.1-22686.7,4,1199,3259,3599,2,619,258,1,0,13093.0,ok,240.0,ok,174.0,ok,177.0,ok,3538.0,ok
15,data/automata/practice/practice_automata.hoa:22687.1-24227.7,2,341,1191,1382,2,341,227,1,0,592.0,ok,216.0,ok,88.0,ok,88.0,ok,536.0,ok
16,data/automata/practice/practice_automata.hoa:24228.1-27737.7,3,863,2638,3085,3,207,328,1,0,19864.0,ok,296.0,ok,141.0,ok,221.0,ok,3279.0,ok
17,data/automata/practice/practice_automata.hoa:27738.1-27923.7,3,25,152,221,2,13,9,1,0,4172.0,ok,30.0,ok,20.0,ok,29.0,ok,120.0,ok
18,data/automata/practice/practice_automata.hoa:27924.1-27950.7,2,5,13,13,2,4,4,1,0,42.0,ok,4.0,ok,3.0,ok,3.0,ok,17.0,ok
19,data/automata/practice/practice_automata.hoa:27951.1-27972.7,2,4,9,16,2,4,3,1,0,79.0,ok,4.0,ok,1.0,ok,2.0,ok,18.0,ok
20,data/automata/practice/practice_automata.hoa:27973.1-27994.7,2,4,9,16,2,4,3,1,0,79.0,ok,4.0,ok,1.0,ok,2.0,ok,18.0,ok
21,data/automata/practice/practice_automata.hoa:27995.1-28075.7,2,28,44,55,2,23,1,1,0,95.0,ok,29.0,ok,26.0,ok,29.0,ok,71.0,ok
22,data/automata/practice/practice_automata.hoa:28076.1-31547.7,12,209,3254,4875,2,33,0,0,0,,timeout,454.0,ok,445.0,ok,210.0,ok,,timeout
23,data/automata/practice/practice_automata.hoa:31548.1-156126.7,8,15685,108885,157456,3,10025,5175,1,0,,timeout,49918.0,ok,,timeout,38311.0,ok,,timeout
24,data/automata/practice/practice_automata.hoa:156127.1-157585.7,4,158,1292,1373,3,48,98,1,0,,timeout,132.0,ok,165.0,ok,78.0,ok,1513.0,ok
25,data/automata/practice/practice_automata.hoa:157586.1-157746.7,1,48,104,106,2,48,29,1,0,111.0,ok,8.0,ok,8.0,ok,8.0,ok,90.0,ok
26,data/automata/practice/practice_automata.hoa:157747.1-157799.7,2,10,34,45,2,10,6,1,0,115.0,ok,10.0,ok,5.0,ok,6.0,ok,43.0,ok
27,data/automata/practice/practice_automata.hoa:157800.1-166642.7,3,1933,6901,7393,4,550,925,1,0,34484.0,ok,424.0,ok,183.0,ok,247.0,ok,4249.0,ok
28,data/automata/practice/practice_automata.hoa:166643.1-166677.7,3,12,14,14,2,10,2,1,0,26.0,ok,5.0,ok,5.0,ok,5.0,ok,22.0,ok
29,data/automata/practice/practice_automata.hoa:166678.1-166738.7,2,11,41,49,2,10,10,1,0,110.0,ok,3.0,ok,2.0,ok,2.0,ok,39.0,ok
30,data/automata/practice/practice_automata.hoa:166739.1-166791.7,3,10,34,40,2,9,8,1,0,36.0,ok,4.0,ok,3.0,ok,4.0,ok,14.0,ok
31,data/automata/practice/practice_automata.hoa:166792.1-166843.7,3,13,30,31,2,11,8,1,0,59.0,ok,10.0,ok,9.0,ok,8.0,ok,41.0,ok
32,data/automata/practice/practice_automata.hoa:166844.1-166924.7,2,16,56,56,3,16,13,1,0,24.0,ok,6.0,ok,5.0,ok,5.0,ok,12.0,ok
33,data/automata/practice/practice_automata.hoa:166925.1-200936.7,4,5663,28340,38263,2,2405,3882,1,0,,timeout,10838.0,ok,7789.0,ok,,timeout,,timeout
34,data/automata/practice/practice_automata.hoa:200937.1-201096.7,3,38,113,153,2,32,24,1,0,336.0,ok,14.0,ok,11.0,ok,16.0,ok,151.0,ok
35,data/automata/practice/practice_automata.hoa:201097.1-202176.7,7,72,999,2637,2,22,39,1,0,562.0,ok,26.0,ok,25.0,ok,28.0,ok,135.0,ok
36,data/automata/practice/practice_automata.hoa:202177.1-202351.7,4,30,136,181,2,17,18,1,0,175.0,ok,12.0,ok,11.0,ok,10.0,ok,49.0,ok
37,data/automata/practice/practice_automata.hoa:202352.1-203992.7,3,244,1388,1388,4,130,148,1,0,15275.0,ok,47.0,ok,106.0,ok,29.0,ok,720.0,ok
38,data/automata/practice/practice_automata.hoa:203993.1-204024.7,3,10,13,13,2,10,4,1,0,22.0,ok,8.0,ok,7.0,ok,7.0,ok,16.0,ok
39,data/automata/practice/practice_automata.hoa:204025.1-204169.7,3,29,107,135,2,26,20,1,0,252.0,ok,20.0,ok,17.0,ok,18.0,ok,125.0,ok
40,data/automata/practice/practice_automata.hoa:204170.1-204664.7,10,79,407,662,2,48,0,0,0,238.0,ok,80.0,ok,11.0,ok,20.0,ok,161.0,ok
41,data/automata/practice/practice_automata.hoa:204665.1-205127.7,2,138,316,316,2,137,48,1,0,601.0,ok,54.0,ok,53.0,ok,54.0,ok,289.0,ok
42,data/automata/practice/practice_automata.hoa:205128.1-208637.7,3,863,2638,3085,3,207,328,1,0,19864.0,ok,296.0,ok,141.0,ok,221.0,ok,3279.0,ok
43,data/automata/practice/practice_automata.hoa:208638.1-208819.7,4,25,148,221,2,13,9,1,0,7273.0,ok,31.0,ok,21.0,ok,30.0,ok,233.0,ok
44,data/automata/practice/practice_automata.hoa:208820.1-208993.7,3,45,120,130,2,33,32,1,0,327.0,ok,11.0,ok,9.0,ok,10.0,ok,102.0,ok
45,data/automata/practice/practice_automata.hoa:208994.1-209036.7,3,14,20,20,2,14,8,1,0,24.0,ok,9.0,ok,7.0,ok,7.0,ok,18.0,ok
46,data/automata/practice/practice_automata.hoa:209037.1-209109.7,4,23,41,41,2,13,5,1,0,97.0,ok,15.0,ok,14.0,ok,14.0,ok,35.0,ok
47,data/automata/practice/practice_automata.hoa:209110.1-209803.7,4,81,604,685,2,17,17,1,0,14013.0,ok,63.0,ok,37.0,ok,65.0,ok,440.0,ok
48,data/automata/practice/practice_automata.hoa:209804.1-242540.7,14,1621,31107,38387,3,52,486,1,0,,timeout,26413.0,ok,23464.0,ok,46067.0,ok,,timeout
49,data/automata/practice/practice_automata.hoa:242541.1-242584.7,3,9,26,32,2,6,5,1,0,55.0,ok,6.0,ok,5.0,ok,6.0,ok,28.0,ok
50,data/automata/practice/practice_automata.hoa:242585.1-242689.7,4,18,78,78,2,11,13,1,0,132.0,ok,9.0,ok,8.0,ok,8.0,ok,45.0,ok
51,data/automata/practice/practice_automata.hoa:242690.1-242717.7,1,7,12,12,2,7,3,1,0,20.0,ok,6.0,ok,5.0,ok,5.0,ok,12.0,ok
52,data/automata/practice/practice_automata.hoa:242718.1-242761.7,3,9,26,32,2,6,5,1,0,55.0,ok,6.0,ok,5.0,ok,6.0,ok,28.0,ok
53,data/automata/practice/practice_automata.hoa:242762.1-242830.7,2,14,46,46,2,10,9,1,0,76.0,ok,5.0,ok,4.0,ok,4.0,ok,21.0,ok
54,data/automata/practice/practice_automata.hoa:242831.1-242874.7,3,9,26,32,2,6,5,1,0,55.0,ok,6.0,ok,5.0,ok,6.0,ok,28.0,ok
55,data/automata/practice/practice_automata.hoa:242875.1-244515.7,3,244,1388,1388,4,130,148,1,0,15275.0,ok,47.0,ok,106.0,ok,29.0,ok,720.0,ok
56,data/automata/practice/practice_automata.hoa:244516.1-244596.7,2,28,44,55,2,23,1,1,0,95.0,ok,29.0,ok,26.0,ok,29.0,ok,71.0,ok
57,data/automata/practice/practice_automata.hoa:244597.1-245272.7,4,220,447,447,2,142,43,1,0,1430.0,ok,29.0,ok,19.0,ok,20.0,ok,632.0,ok
58,data/automata/practice/practice_automata.hoa:245273.1-248369.7,4,656,2432,4015,2,155,134,1,0,15812.0,ok,1187.0,ok,544.0,ok,746.0,ok,3993.0,ok
59,data/automata/practice/practice_automata.hoa:248370.1-248492.7,4,22,92,102,2,17,13,1,0,167.0,ok,8.0,ok,7.0,ok,6.0,ok,35.0,ok
60,data/automata/practice/practice_automata.hoa:248493.1-249015.7,1,157,357,359,2,157,101,1,0,341.0,ok,10.0,ok,10.0,ok,10.0,ok,288.0,ok
61,data/automata/practice/practice_automata.hoa:249016.1-249073.7,3,11,38,38,2,10,8,1,0,55.0,ok,4.0,ok,3.0,ok,4.0,ok,15.0,ok
62,data/automata/practice/practice_automata.hoa:249074.1-249250.7,3,46,122,187,2,16,14,1,0,714.0,ok,56.0,ok,30.0,ok,32.0,ok,197.0,ok
63,data/automata/practice/practice_automata.hoa:249251.1-249373.7,4,22,92,102,2,17,13,1,0,167.0,ok,8.0,ok,7.0,ok,6.0,ok,35.0,ok
64,data/automata/practice/practice_automata.hoa:249374.1-249399.7,2,4,13,16,2,3,2,1,0,72.0,ok,7.0,ok,3.0,ok,5.0,ok,25.0,ok
65,data/automata/practice/practice_automata.hoa:249400.1-252757.7,8,164,3185,12659,2,59,93,1,0,1039.0,ok,62.0,ok,62.0,ok,62.0,ok,267.0,ok
66,data/automata/practice/practice_automata.hoa:252758.1-252801.7,3,9,26,32,2,6,5,1,0,55.0,ok,6.0,ok,5.0,ok,6.0,ok,28.0,ok
67,data/automata/practice/practice_automata.hoa:252802.1-255160.7,6,154,2196,2931,2,44,90,1,0,1053.0,ok,52.0,ok,52.0,ok,52.0,ok,275.0,ok
68,data/automata/practice/practice_automata.hoa:255161.1-255204.7,3,8,27,64,2,8,7,1,0,115.0,ok,8.0,ok,1.0,ok,2.0,ok,42.0,ok
69,data/automata/practice/practice_automata.hoa:255205.1-255365.7,4,26,126,126,2,17,16,1,0,194.0,ok,9.0,ok,8.0,ok,8.0,ok,43.0,ok
70,data/automata/practice/practice_automata.hoa:255366.1-255466.7,2,19,73,83,2,11,7,1,0,190.0,ok,17.0,ok,37.0,ok,17.0,ok,97.0,ok
71,data/automata/practice/practice_automata.hoa:255467.1-255488.7,2,4,9,16,2,4,3,1,0,79.0,ok,4.0,ok,1.0,ok,2.0,ok,18.0,ok
72,data/automata/practice/practice_automata.hoa:255489.1-255545.7,3,20,28,28,2,20,9,1,0,36.0,ok,13.0,ok,7.0,ok,7.0,ok,28.0,ok
73,data/automata/practice/practice_automata.hoa:255546.1-255567.7,2,4,9,16,2,4,3,1,0,79.0,ok,4.0,ok,1.0,ok,2.0,ok,18.0,ok
74,data/automata/practice/practice_automata.hoa:255568.1-255741.7,3,45,120,130,2,33,32,1,0,327.0,ok,11.0,ok,9.0,ok,10.0,ok,102.0,ok
75,data/automata/practice/practice_automata.hoa:255742.1-257084.7,3,337,997,1146,2,97,91,1,0,5553.0,ok,235.0,ok,190.0,ok,199.0,ok,1510.0,ok
76,data/automata/practice/practice_automata.hoa:257085.1-257106.7,2,4,9,16,2,4,3,1,0,79.0,ok,4.0,ok,1.0,ok,2.0,ok,18.0,ok
77,data/automata/practice/practice_automata.hoa:257107.1-258266.7,6,90,1061,1694,2,37,53,1,0,583.0,ok,34.0,ok,34.0,ok,34.0,ok,141.0,ok
78,data/automata/practice/practice_automata.hoa:258267.1-258305.7,6,14,16,16,2,14,0,0,0,34.0,ok,14.0,ok,7.0,ok,7.0,ok,28.0,ok
79,data/automata/practice/practice_automata.hoa:314585.1-314628.7,3,9,26,32,2,6,5,1,0,55.0,ok,6.0,ok,5.0,ok,6.0,ok,28.0,ok
80,data/automata/practice/practice_automata.hoa:314629.1-362427.7,5,9160,38630,46427,2,3019,2111,1,0,,timeout,22313.0,ok,14808.0,ok,19604.0,ok,,timeout
81,data/automata/practice/practice_automata.hoa:362428.1-362449.7,2,4,9,16,2,4,3,1,0,79.0,ok,4.0,ok,1.0,ok,2.0,ok,18.0,ok
82,data/automata/practice/practice_automata.hoa:362450.1-362471.7,2,4,9,16,2,4,3,1,0,79.0,ok,4.0,ok,1.0,ok,2.0,ok,18.0,ok
83,data/automata/practice/practice_automata.hoa:362472.1-362597.7,2,21,96,96,2,8,9,1,0,2567.0,ok,52.0,ok,9.0,ok,28.0,ok,221.0,ok
84,data/automata/practice/practice_automata.hoa:362598.1-362692.7,4,16,70,72,2,10,12,1,0,111.0,ok,8.0,ok,7.0,ok,6.0,ok,42.0,ok
85,data/automata/practice/practice_automata.hoa:362693.1-363092.7,3,129,262,262,2,53,31,1,0,1145.0,ok,89.0,ok,60.0,ok,61.0,ok,447.0,ok
86,data/automata/practice/practice_automata.hoa:363093.1-363116.7,1,5,10,11,2,5,3,1,0,29.0,ok,4.0,ok,3.0,ok,4.0,ok,13.0,ok
87,data/automata/practice/practice_automata.hoa:363117.1-364001.7,3,147,729,790,4,141,130,1,0,858.0,ok,18.0,ok,15.0,ok,20.0,ok,236.0,ok
88,data/automata/practice/practice_automata.hoa:364002.1-366450.7,2,795,1645,1645,2,304,262,1,0,6462.0,ok,789.0,ok,472.0,ok,447.0,ok,1466.0,ok
89,data/automata/practice/practice_automata.hoa:366451.1-366477.7,2,5,13,13,2,4,4,1,0,42.0,ok,4.0,ok,3.0,ok,3.0,ok,17.0,ok
90,data/automata/practice/practice_automata.hoa:366478.1-366553.7,3,31,36,36,2,29,5,1,0,54.0,ok,9.0,ok,9.0,ok,9.0,ok,46.0,ok
91,data/automata/practice/practice_automata.hoa:366554.1-367177.7,3,113,502,754,3,28,38,1,0,4086.0,ok,185.0,ok,96.0,ok,56.0,ok,963.0,ok
92,data/automata/practice/practice_automata.hoa:367178.1-367233.7,2,17,30,66,2,5,0,0,0,61.0,ok,26.0,ok,9.0,ok,9.0,ok,39.0,ok
93,data/automata/practice/practice_automata.hoa:367234.1-374768.7,6,470,7056,9411,2,96,269,1,0,3155.0,ok,157.0,ok,157.0,ok,157.0,ok,795.0,ok
94,data/automata/practice/practice_automata.hoa:374769.1-374812.7,3,9,26,32,2,6,5,1,0,55.0,ok,6.0,ok,5.0,ok,6.0,ok,28.0,ok
95,data/automata/practice/practice_automata.hoa:374813.1-382781.7,3,2076,5884,5884,3,1003,1239,1,0,7760.0,ok,805.0,ok,362.0,ok,952.0,ok,1620.0,ok
96,data/automata/practice/practice_automata.hoa:382782.1-396165.7,4,2525,10850,15823,2,1063,1518,1,0,,timeout,4237.0,ok,2499.0,ok,2776.0,ok,18725.0,ok
97,data/automata/practice/practice_automata.hoa:396166.1-396246.7,2,28,44,55,2,23,1,1,0,95.0,ok,29.0,ok,26.0,ok,29.0,ok,71.0,ok
98,data/automata/practice/practice_automata.hoa:396247.1-396401.7,4,22,124,161,2,16,17,1,0,218.0,ok,6.0,ok,5.0,ok,4.0,ok,60.0,ok
99,data/automata/practice/practice_automata.hoa:396402.1-396423.7,2,4,9,16,2,4,3,1,0,79.0,ok,4.0,ok,1.0,ok,2.0,ok,18.0,ok
100,data/automata/practice/practice_automata.hoa:396424.1-397542.7,3,310,800,1139,2,76,80,1,0,4208.0,ok,192.0,ok,108.0,ok,120.0,ok,1154.0,ok
101,data/automata/practice/practice_automata.hoa:397543.1-400102.7,3,544,2007,2064,2,314,346,1,0,1345.0,ok,64.0,ok,62.0,ok,63.0,ok,928.0,ok
102,data/automata/practice/practice_automata.hoa:400103.1-404744.7,5,728,3905,5655,4,173,439,1,0,,timeout,1015.0,ok,454.0,ok,566.0,ok,4425.0,ok
103,data/automata/practice/practice_automata.hoa:404745.1-404862.7,1,34,75,76,2,34,21,1,0,82.0,ok,17.0,ok,17.0,ok,17.0,ok,63.0,ok
104,data/automata/practice/practice_automata.hoa:404863.1-406330.7,4,401,1058,1179,2,129,96,1,0,5767.0,ok,373.0,ok,215.0,ok,327.0,ok,1487.0,ok
105,data/automata/practice/practice_automata.hoa:406331.1-406354.7,1,5,10,11,2,5,3,1,0,29.0,ok,4.0,ok,3.0,ok,4.0,ok,13.0,ok
106,data/automata/practice/practice_automata.hoa:406355.1-419223.7,5,1789,11071,13649,5,524,1282,1,0,,timeout,2051.0,ok,731.0,ok,566.0,ok,,timeout
107,data/automata/practice/practice_automata.hoa:419224.1-419328.7,4,18,78,78,2,11,13,1,0,132.0,ok,9.0,ok,8.0,ok,8.0,ok,45.0,ok
108,data/automata/practice/practice_automata.hoa:419329.1-423110.7,4,882,2891,3165,3,346,299,1,0,11555.0,ok,310.0,ok,239.0,ok,256.0,ok,2431.0,ok
109,data/automata/practice/practice_automata.hoa:423111.1-432192.7,10,304,8769,80502,2,92,172,1,0,,timeout,28.0,ok,27.0,ok,29.0,ok,,timeout
110,data/automata/practice/practice_automata.hoa:432193.1-432214.7,2,4,9,16,2,4,3,1,0,79.0,ok,4.0,ok,1.0,ok,2.0,ok,18.0,ok
111,data/automata/practice/practice_automata.hoa:432215.1-432255.7,2,8,24,32,2,8,6,1,0,57.0,ok,4.0,ok,2.0,ok,3.0,ok,25.0,ok
112,data/automata/practice/practice_automata.hoa:432256.1-432370.7,4,30,76,76,3,15,15,1,0,301.0,ok,18.0,ok,17.0,ok,18.0,ok,89.0,ok
113,data/automata/practice/practice_automata.hoa:432371.1-433937.7,3,462,1096,1096,3,225,187,1,0,3427.0,ok,296.0,ok,139.0,ok,115.0,ok,922.0,ok
114,data/automata/practice/practice_automata.hoa:433938.1-435111.7,9,83,1082,12351,2,30,44,1,0,585.0,ok,32.0,ok,31.0,ok,31.0,ok,149.0,ok
115,data/automata/practice/practice_automata.hoa:435112.1-435155.7,3,8,27,64,2,8,7,1,0,115.0,ok,8.0,ok,1.0,ok,2.0,ok,42.0,ok
116,data/automata/practice/practice_automata.hoa:435156.1-435537.7,2,66,307,340,2,42,59,1,0,318.0,ok,30.0,ok,23.0,ok,28.0,ok,139.0,ok
117,data/automata/practice/practice_automata.hoa:435538.1-435590.7,2,10,34,45,2,10,6,1,0,115.0,ok,10.0,ok,5.0,ok,6.0,ok,43.0,ok
118,data/automata/practice/practice_automata.hoa:435591.1-437040.7,5,134,1307,1307,2,43,70,1,0,921.0,ok,52.0,ok,51.0,ok,51.0,ok,237.0,ok
119,data/automata/practice/practice_automata.hoa:437041.1-437117.7,2,28,40,40,2,28,13,1,0,43.0,ok,17.0,ok,16.0,ok,16.0,ok,36.0,ok
120,data/automata/practice/practice_automata.hoa:437118.1-437203.7,3,16,61,75,2,13,11,1,0,137.0,ok,6.0,ok,5.0,ok,4.0,ok,29.0,ok
121,data/automata/practice/practice_automata.hoa:437204.1-437243.7,3,8,23,27,2,5,5,1,0,73.0,ok,6.0,ok,5.0,ok,4.0,ok,28.0,ok
122,data/automata/practice/practice_automata.hoa:437244.1-437270.7,2,5,13,13,2,4,4,1,0,42.0,ok,4.0,ok,3.0,ok,3.0,ok,17.0,ok
123,data/automata/practice/practice_automata.hoa:437271.1-437439.7,4,28,132,132,2,12,20,1,0,251.0,ok,7.0,ok,6.0,ok,6.0,ok,70.0,ok
124,data/automata/practice/practice_automata.hoa:437440.1-439505.7,4,219,1838,1851,2,67,133,1,0,1471.0,ok,74.0,ok,69.0,ok,18.0,ok,578.0,ok
125,data/automata/practice/practice_automata.hoa:439506.1-443015.7,3,863,2638,3085,3,207,328,1,0,19864.0,ok,296.0,ok,141.0,ok,221.0,ok,3279.0,ok
126,data/automata/practice/practice_automata.hoa:443976.1-448132.7,7,217,3931,8962,2,90,125,1,0,1274.0,ok,87.0,ok,87.0,ok,87.0,ok,381.0,ok
127,data/automata/practice/practice_automata.hoa:448133.1-448256.7,4,20,95,99,2,13,14,1,0,164.0,ok,7.0,ok,6.0,ok,6.0,ok,37.0,ok
128,data/automata/practice/practice_automata.hoa:448257.1-1117595.7,5,79267,590063,629154,6,25776,38907,1,0,,timeout,114317.0,ok,,signal,140773.0,ok,,timeout
129,data/automata/practice/practice_automata.hoa:1117596.1-1117767.7,2,50,113,187,3,13,7,1,0,818.0,ok,41.0,ok,16.0,ok,28.0,ok,215.0,ok
130,data/automata/practice/practice_automata.hoa:1117768.1-1119225.7,6,118,1331,1779,2,31,81,1,0,828.0,ok,44.0,ok,43.0,ok,46.0,ok,308.0,ok
131,data/automata/practice/practice_automata.hoa:1119226.1-1119247.7,2,4,9,16,2,4,3,1,0,79.0,ok,4.0,ok,1.0,ok,2.0,ok,18.0,ok
132,data/automata/practice/practice_automata.hoa:1119248.1-1150484.7,5,6039,25189,31373,2,1543,1372,1,0,,timeout,17075.0,ok,10331.0,ok,11211.0,ok,,timeout
133,data/automata/practice/practice_automata.hoa:1150485.1-1150528.7,3,9,26,32,2,6,5,1,0,55.0,ok,6.0,ok,5.0,ok,6.0,ok,28.0,ok
134,data/automata/practice/practice_automata.hoa:1150529.1-1150565.7,1,10,18,20,2,10,2,1,0,28.0,ok,5.0,ok,5.0,ok,5.0,ok,20.0,ok
135,data/automata/practice/practice_automata.hoa:1150566.1-1150760.7,5,28,158,242,2,18,16,1,0,219.0,ok,10.0,ok,9.0,ok,8.0,ok,49.0,ok
136,data/automata/practice/practice_automata.hoa:1150761.1-1152248.7,5,140,1339,1339,2,38,83,1,0,1031.0,ok,38.0,ok,37.0,ok,37.0,ok,275.0,ok
137,data/automata/practice/practice_automata.hoa:1152249.1-1152270.7,2,4,9,16,2,4,3,1,0,79.0,ok,4.0,ok,1.0,ok,2.0,ok,18.0,ok
138,data/automata/practice/practice_automata.hoa:1152271.1-1152320.7,2,13,28,28,2,13,8,1,0,28.0,ok,7.0,ok,4.0,ok,4.0,ok,17.0,ok
139,data/automata/practice/practice_automata.hoa:1152321.1-1152367.7,3,16,22,22,2,16,7,1,0,32.0,ok,11.0,ok,6.0,ok,6.0,ok,24.0,ok
140,data/automata/practice/practice_automata.hoa:1152368.1-1159530.7,6,458,6696,8931,2,91,256,1,0,3207.0,ok,150.0,ok,150.0,ok,150.0,ok,799.0,ok
141,data/automata/practice/practice_automata.hoa:1159531.1-1159665.7,4,28,98,124,2,25,24,1,0,253.0,ok,20.0,ok,15.0,ok,20.0,ok,93.0,ok
142,data/automata/practice/practice_automata.hoa:1159666.1-1159718.7,3,14,30,31,2,14,6,1,0,63.0,ok,14.0,ok,10.0,ok,11.0,ok,36.0,ok
143,data/automata/practice/practice_automata.hoa:1159719.1-1161953.7,6,148,2078,2774,2,41,88,1,0,1070.0,ok,49.0,ok,49.0,ok,49.0,ok,261.0,ok
144,data/automata/practice/practice_automata.hoa:1161954.1-1161997.7,3,9,26,32,2,6,5,1,0,55.0,ok,6.0,ok,5.0,ok,6.0,ok,28.0,ok
145,data/automata/practice/practice_automata.hoa:1161998.1-1162152.7,2,25,121,121,2,9,9,1,0,3995.0,ok,30.0,ok,20.0,ok,32.0,ok,108.0,ok
146,data/automata/practice/practice_automata.hoa:1162153.1-1162716.7,2,146,409,561,3,67,25,1,0,1005.0,ok,52.0,ok,26.0,ok,38.0,ok,511.0,ok
147,data/automata/practice/practice_automata.hoa:1162717.1-1169922.7,5,636,6561,6561,2,184,351,1,0,3649.0,ok,212.0,ok,211.0,ok,211.0,ok,965.0,ok
148,data/automata/practice/practice_automata.hoa:1169923.1-1169949.7,2,5,13,13,2,4,4,1,0,42.0,ok,4.0,ok,3.0,ok,3.0,ok,17.0,ok
149,data/automata/practice/practice_automata.hoa:1169950.1-1170026.7,2,28,40,40,2,28,13,1,0,43.0,ok,17.0,ok,16.0,ok,16.0,ok,36.0,ok
150,data/automata/practice/practice_automata.hoa:1170027.1-1172385.7,6,154,2196,2931,2,44,90,1,0,1056.0,ok,52.0,ok,52.0,ok,52.0,ok,265.0,ok
151,data/automata/practice/practice_automata.hoa:1172386.1-2616717.7,4,157256,1287067,2267156,2,85822,114909,1,0,,timeout,132061.0,ok,,timeout,,exit code,,timeout
152,data/automata/practice/practice_automata.hoa:2616718.1-2617198.7,3,133,339,476,2,31,34,1,0,1766.0,ok,118.0,ok,68.0,ok,72.0,ok,483.0,ok
153,data/automata/practice/practice_automata.hoa:2617199.1-2617368.7,2,50,111,111,2,19,15,1,0,396.0,ok,28.0,ok,24.0,ok,21.0,ok,149.0,ok
154,data/automata/practice/practice_automata.hoa:2617369.1-2617392.7,1,5,10,11,2,5,3,1,0,29.0,ok,4.0,ok,3.0,ok,4.0,ok,13.0,ok
155,data/automata/practice/practice_automata.hoa:2617393.1-2617421.7,4,6,14,14,2,5,3,1,0,55.0,ok,4.0,ok,3.0,ok,4.0,ok,13.0,ok
156,data/automata/practice/practice_automata.hoa:2617422.1-2617933.7,4,67,436,551,2,42,58,1,0,472.0,ok,51.0,ok,49.0,ok,56.0,ok,248.0,ok
157,data/automata/practice/practice_automata.hoa:2617934.1-2617962.7,4,6,14,14,2,5,3,1,0,55.0,ok,4.0,ok,3.0,ok,4.0,ok,13.0,ok
158,data/automata/practice/practice_automata.hoa:2617963.1-2618300.7,2,79,250,292,2,79,50,1,0,144.0,ok,49.0,ok,28.0,ok,28.0,ok,121.0,ok
159,data/automata/practice/practice_automata.hoa:2618301.1-2618387.7,4,12,66,192,2,10,6,1,0,206.0,ok,3.0,ok,2.0,ok,3.0,ok,63.0,ok
160,data/automata/practice/practice_automata.hoa:2618388.1-2618443.7,6,11,36,129,2,8,3,1,0,51.0,ok,8.0,ok,8.0,ok,8.0,ok,25.0,ok
161,data/automata/practice/practice_automata.hoa:2618444.1-2618512.7,2,12,48,48,2,4,4,1,0,186.0,ok,21.0,ok,14.0,ok,13.0,ok,69.0,ok
162,data/automata/practice/practice_automata.hoa:2618513.1-2618550.7,3,6,23,40,2,3,2,1,0,90.0,ok,11.0,ok,8.0,ok,7.0,ok,33.0,ok
163,data/automata/practice/practice_automata.hoa:2618551.1-2618577.7,2,5,13,13,2,4,4,1,0,42.0,ok,4.0,ok,3.0,ok,3.0,ok,17.0,ok
164,data/automata/practice/practice_automata.hoa:2618578.1-2618742.7,1,50,106,108,2,50,29,1,0,111.0,ok,8.0,ok,8.0,ok,8.0,ok,88.0,ok
165,data/automata/practice/practice_automata.hoa:2618743.1-2619099.7,3,74,274,284,2,52,61,1,0,331.0,ok,11.0,ok,9.0,ok,10.0,ok,72.0,ok
166,data/automata/practice/practice_automata.hoa:2619100.1-2619121.7,2,4,9,16,2,4,3,1,0,79.0,ok,4.0,ok,1.0,ok,2.0,ok,18.0,ok
167,data/automata/practice/practice_automata.hoa:2619122.1-2627964.7,3,1933,6901,7393,4,550,925,1,0,34484.0,ok,424.0,ok,183.0,ok,247.0,ok,4249.0,ok
168,data/automata/practice/practice_automata.hoa:2627965.1-2629044.7,7,72,999,2637,2,22,39,1,0,562.0,ok,26.0,ok,25.0,ok,28.0,ok,135.0,ok
169,data/automata/practice/practice_automata.hoa:2629045.1-2629093.7,3,11,29,38,2,11,7,1,0,28.0,ok,6.0,ok,5.0,ok,5.0,ok,15.0,ok
170,data/automata/practice/practice_automata.hoa:2629094.1-2629130.7,3,12,16,16,2,12,5,1,0,24.0,ok,9.0,ok,8.0,ok,8.0,ok,18.0,ok
171,data/automata/practice/practice_automata.hoa:2629131.1-2629158.7,1,7,12,12,2,7,3,1,0,20.0,ok,6.0,ok,5.0,ok,5.0,ok,12.0,ok
172,data/automata/practice/practice_automata.hoa:2629159.1-2629226.7,3,13,46,46,2,13,8,1,0,42.0,ok,7.0,ok,5.0,ok,5.0,ok,17.0,ok
173,data/automata/practice/practice_automata.hoa:2629227.1-2629362.7,2,33,94,122,2,10,8,1,0,605.0,ok,49.0,ok,22.0,ok,20.0,ok,181.0,ok
174,data/automata/practice/practice_automata.hoa:2629363.1-2630481.7,3,310,800,1139,2,76,80,1,0,4208.0,ok,192.0,ok,108.0,ok,120.0,ok,1154.0,ok
175,data/automata/practice/practice_automata.hoa:2630874.1-2630947.7,3,14,51,66,2,13,11,1,0,70.0,ok,5.0,ok,4.0,ok,5.0,ok,27.0,ok
176,data/automata/practice/practice_automata.hoa:2630948.1-2630976.7,1,6,14,14,2,5,4,1,0,35.0,ok,4.0,ok,3.0,ok,4.0,ok,8.0,ok
177,data/automata/practice/practice_automata.hoa:2630977.1-2631089.7,4,22,82,86,2,15,11,1,0,198.0,ok,8.0,ok,7.0,ok,8.0,ok,54.0,ok
178,data/automata/practice/practice_automata.hoa:2631090.1-2631316.7,5,32,186,291,2,19,26,1,0,119.0,ok,16.0,ok,15.0,ok,13.0,ok,63.0,ok
179,data/automata/practice/practice_automata.hoa:2631317.1-2631360.7,3,9,26,32,2,6,5,1,0,55.0,ok,6.0,ok,5.0,ok,6.0,ok,28.0,ok
180,data/automata/practice/practice_automata.hoa:2631361.1-2632060.7,5,76,615,699,2,26,41,1,0,603.0,ok,26.0,ok,25.0,ok,26.0,ok,135.0,ok
181,data/automata/practice/practice_automata.hoa:2632061.1-2632104.7,3,9,26,32,2,6,5,1,0,55.0,ok,6.0,ok,5.0,ok,6.0,ok,28.0,ok
182,data/automata/practice/practice_automata.hoa:2632105.1-2632255.7,3,45,97,97,2,16,12,1,0,278.0,ok,29.0,ok,18.0,ok,19.0,ok,123.0,ok
183,data/automata/practice/practice_automata.hoa:2632256.1-2632308.7,2,10,34,45,2,10,6,1,0,115.0,ok,10.0,ok,5.0,ok,6.0,ok,43.0,ok
184,data/automata/practice/practice_automata.hoa:2632309.1-2632433.7,3,37,79,81,2,36,7,1,0,93.0,ok,31.0,ok,26.0,ok,27.0,ok,78.0,ok
185,data/automata/practice/practice_automata.hoa:2632434.1-2632744.7,2,68,234,273,2,68,42,1,0,165.0,ok,49.0,ok,28.0,ok,28.0,ok,113.0,ok
186,data/automata/practice/practice_automata.hoa:2632745.1-2632771.7,3,8,10,10,2,8,3,1,0,20.0,ok,7.0,ok,6.0,ok,6.0,ok,14.0,ok
187,data/automata/practice/practice_automata.hoa:2632772.1-2638080.7,3,1614,3686,3686,2,907,859,1,0,7273.0,ok,778.0,ok,355.0,ok,437.0,ok,1639.0,ok
188,data/automata/practice/practice_automata.hoa:2638081.1-2638118.7,4,9,20,21,2,9,5,1,0,52.0,ok,8.0,ok,6.0,ok,7.0,ok,23.0,ok
189,data/automata/practice/practice_automata.hoa:2638119.1-2638153.7,4,8,18,19,2,8,5,1,0,50.0,ok,7.0,ok,5.0,ok,6.0,ok,21.0,ok
190,data/automata/practice/practice_automata.hoa:2638154.1-2948886.7,5,43362,267362,287998,5,13303,20013,1,0,,timeout,80623.0,ok,,timeout,98075.0,ok,,timeout
191,data/automata/practice/practice_automata.hoa:2948887.1-2949144.7,2,45,204,204,2,15,13,1,0,4742.0,ok,32.0,ok,18.0,ok,29.0,ok,130.0,ok
192,data/automata/practice/practice_automata.hoa:2949145.1-2949261.7,2,28,80,92,2,26,17,1,0,106.0,ok,12.0,ok,11.0,ok,12.0,ok,53.0,ok
193,data/automata/practice/practice_automata.hoa:2949262.1-2949435.7,3,45,120,130,2,33,32,1,0,327.0,ok,11.0,ok,9.0,ok,10.0,ok,102.0,ok
194,data/automata/practice/practice_automata.hoa:2949436.1-2949497.7,3,13,40,62,2,10,8,1,0,102.0,ok,6.0,ok,5.0,ok,4.0,ok,23.0,ok
195,data/automata/practice/practice_automata.hoa:2949498.1-2949535.7,3,6,23,40,2,3,2,1,0,90.0,ok,11.0,ok,8.0,ok,7.0,ok,33.0,ok
196,data/automata/practice/practice_automata.hoa:2949536.1-2949671.7,2,33,94,122,2,10,8,1,0,605.0,ok,49.0,ok,22.0,ok,20.0,ok,181.0,ok
197,data/automata/practice/practice_automata.hoa:2949672.1-2953181.7,3,863,2638,3085,3,207,328,1,0,19864.0,ok,296.0,ok,141.0,ok,221.0,ok,3279.0,ok
198,data/automata/practice/practice_automata.hoa:2953182.1-2953203.7,1,4,9,9,2,4,3,1,0,14.0,ok,3.0,ok,2.0,ok,2.0,ok,6.0,ok
199,data/automata/practice/practice_automata.hoa:2953204.1-2953247.7,3,8,27,64,2,8,7,1,0,115.0,ok,8.0,ok,1.0,ok,2.0,ok,42.0,ok
200,data/automata/practice/practice_automata.hoa:2953248.1-2957070.7,8,194,3620,12542,2,71,114,1,0,,timeout,22.0,ok,21.0,ok,23.0,ok,355.0,ok
201,data/automata/practice/practice_automata.hoa:2957071.1-2957967.7,3,291,597,597,2,124,95,1,0,3081.0,ok,281.0,ok,147.0,ok,119.0,ok,908.0,ok
202,data/automata/practice/practice_automata.hoa:2957968.1-2958122.7,4,22,124,161,2,16,17,1,0,218.0,ok,6.0,ok,5.0,ok,4.0,ok,60.0,ok
203,data/automata/practice/practice_automata.hoa:2958123.1-2958184.7,2,13,40,40,2,10,8,1,0,83.0,ok,6.0,ok,5.0,ok,4.0,ok,21.0,ok
204,data/automata/practice/practice_automata.hoa:2958185.1-2961034.7,7,150,2691,5533,2,39,88,1,0,1122.0,ok,50.0,ok,50.0,ok,50.0,ok,273.0,ok
205,data/automata/practice/practice_automata.hoa:2961035.1-2961919.7,3,147,729,790,4,141,130,1,0,858.0,ok,18.0,ok,15.0,ok,20.0,ok,236.0,ok
206,data/automata/practice/practice_automata.hoa:2961920.1-2961963.7,3,9,26,32,2,6,5,1,0,55.0,ok,6.0,ok,5.0,ok,6.0,ok,28.0,ok
207,data/automata/practice/practice_automata.hoa:2961964.1-2962076.7,2,24,80,83,2,20,18,1,0,71.0,ok,10.0,ok,9.0,ok,10.0,ok,41.0,ok
208,data/automata/practice/practice_automata.hoa:2962077.1-2962770.7,4,81,604,685,2,17,17,1,0,14013.0,ok,63.0,ok,37.0,ok,65.0,ok,440.0,ok
209,data/automata/practice/practice_automata.hoa:2962771.1-2965414.7,9,124,2511,17653,2,34,66,1,0,,timeout,43.0,ok,41.0,ok,44.0,ok,285.0,ok
210,data/automata/practice/practice_automata.hoa:2965415.1-2966860.7,7,96,1341,3549,2,38,56,1,0,624.0,ok,36.0,ok,36.0,ok,36.0,ok,151.0,ok
211,data/automata/practice/practice_automata.hoa:2966861.1-2967350.7,3,119,362,875,2,44,20,1,0,1742.0,ok,94.0,ok,74.0,ok,88.0,ok,469.0,ok
212,data/automata/practice/practice_automata.hoa:2967351.1-2967394.7,3,9,26,32,2,6,5,1,0,55.0,ok,6.0,ok,5.0,ok,6.0,ok,28.0,ok
213,data/automata/practice/practice_automata.hoa:2967395.1-3023630.7,4,11358,44869,45990,3,4924,7285,1,0,,timeout,11643.0,ok,10344.0,ok,,timeout,,timeout
214,data/automata/practice/practice_automata.hoa:3023631.1-3023728.7,3,23,66,66,2,18,14,1,0,102.0,ok,9.0,ok,8.0,ok,8.0,ok,31.0,ok
215,data/automata/practice/practice_automata.hoa:3023729.1-3023774.7,2,9,28,28,2,8,7,1,0,42.0,ok,5.0,ok,5.0,ok,5.0,ok,19.0,ok
216,data/automata/practice/practice_automata.hoa:3023775.1-3023796.7,1,4,9,9,2,4,3,1,0,14.0,ok,3.0,ok,2.0,ok,2.0,ok,6.0,ok
217,data/automata/practice/practice_automata.hoa:3023797.1-3024090.7,5,34,251,476,2,19,25,1,0,254.0,ok,12.0,ok,5.0,ok,14.0,ok,102.0,ok
218,data/automata/practice/practice_automata.hoa:3024091.1-3025763.7,4,439,1225,1390,2,159,105,1,0,5759.0,ok,299.0,ok,218.0,ok,252.0,ok,2062.0,ok
219,data/automata/practice/practice_automata.hoa:3025764.1-3025862.7,2,19,71,80,2,14,9,1,0,264.0,ok,21.0,ok,19.0,ok,17.0,ok,98.0,ok
220,data/automata/practice/practice_automata.hoa:3025863.1-3025884.7,2,4,9,16,2,4,3,1,0,79.0,ok,4.0,ok,1.0,ok,2.0,ok,18.0,ok
221,data/automata/practice/practice_automata.hoa:3025885.1-3025910.7,1,6,11,11,2,6,3,1,0,18.0,ok,5.0,ok,4.0,ok,4.0,ok,10.0,ok
222,data/automata/practice/practice_automata.hoa:3025911.1-3032180.7,4,540,5721,8568,2,282,396,1,0,7337.0,ok,17.0,ok,16.0,ok,17.0,ok,1606.0,ok
223,data/automata/practice/practice_automata.hoa:3032181.1-3032199.7,1,3,6,6,2,3,0,0,0,11.0,ok,5.0,ok,3.0,ok,2.0,ok,7.0,ok
224,data/automata/practice/practice_automata.hoa:3032200.1-3032248.7,3,12,28,28,2,5,6,1,0,122.0,ok,10.0,ok,9.0,ok,10.0,ok,47.0,ok
225,data/automata/practice/practice_automata.hoa:3032249.1-3032320.7,3,13,50,56,2,10,10,1,0,60.0,ok,6.0,ok,5.0,ok,4.0,ok,30.0,ok
226,data/automata/practice/practice_automata.hoa:3032321.1-3033236.7,2,209,698,768,2,45,35,1,0,3544.0,ok,175.0,ok,126.0,ok,144.0,ok,948.0,ok
227,data/automata/practice/practice_automata.hoa:3033237.1-3033275.7,2,6,24,24,2,2,2,1,0,90.0,ok,11.0,ok,6.0,ok,7.0,ok,34.0,ok
228,data/automata/practice/practice_automata.hoa:3033276.1-3033302.7,2,5,13,13,2,4,4,1,0,42.0,ok,4.0,ok,3.0,ok,3.0,ok,17.0,ok
229,data/automata/practice/practice_automata.hoa:3033303.1-3033328.7,1,6,11,11,2,6,3,1,0,18.0,ok,5.0,ok,4.0,ok,4.0,ok,10.0,ok
230,data/automata/practice/practice_automata.hoa:3033329.1-3033365.7,3,6,22,40,2,3,2,1,0,81.0,ok,5.0,ok,4.0,ok,5.0,ok,26.0,ok
231,data/automata/practice/practice_automata.hoa:3033366.1-3033554.7,3,28,152,243,2,28,20,1,0,237.0,ok,28.0,ok,9.0,ok,10.0,ok,117.0,ok
232,data/automata/practice/practice_automata.hoa:3033555.1-3033806.7,8,27,216,468,2,8,19,1,0,160.0,ok,9.0,ok,9.0,ok,9.0,ok,42.0,ok
233,data/automata/practice/practice_automata.hoa:3033807.1-3035666.7,5,170,1681,1681,2,53,97,1,0,1071.0,ok,54.0,ok,53.0,ok,53.0,ok,291.0,ok
234,data/automata/practice/practice_automata.hoa:3035667.1-3035688.7,2,4,9,16,2,4,3,1,0,79.0,ok,4.0,ok,1.0,ok,2.0,ok,18.0,ok
235,data/automata/practice/practice_automata.hoa:3035689.1-3035710.7,2,4,9,16,2,4,3,1,0,79.0,ok,4.0,ok,1.0,ok,2.0,ok,18.0,ok
236,data/automata/practice/practice_automata.hoa:3035711.1-3035737.7,2,5,13,13,2,4,4,1,0,42.0,ok,4.0,ok,3.0,ok,3.0,ok,17.0,ok
237,data/automata/practice/practice_automata.hoa:3035738.1-3036431.7,3,81,604,685,2,17,17,1,0,7731.0,ok,62.0,ok,36.0,ok,64.0,ok,253.0,ok
238,data/automata/practice/practice_automata.hoa:3036432.1-3036457.7,2,4,13,16,2,3,2,1,0,72.0,ok,7.0,ok,3.0,ok,5.0,ok,25.0,ok
239,data/automata/practice/practice_automata.hoa:3036458.1-3040280.7,8,194,3620,12542,2,71,114,1,0,,timeout,22.0,ok,21.0,ok,23.0,ok,355.0,ok
240,data/automata/practice/practice_automata.hoa:3040281.1-3041132.7,3,100,743,780,2,37,71,1,0,1405.0,ok,114.0,ok,52.0,ok,48.0,ok,353.0,ok
241,data/automata/practice/practice_automata.hoa:3041133.1-3043198.7,4,219,1838,1851,2,67,133,1,0,1471.0,ok,74.0,ok,69.0,ok,18.0,ok,578.0,ok
242,data/automata/practice/practice_automata.hoa:3043199.1-3052041.7,3,1933,6901,7393,4,550,925,1,0,34484.0,ok,424.0,ok,183.0,ok,247.0,ok,4249.0,ok
243,data/automata/practice/practice_automata.hoa:3052042.1-3055551.7,3,863,2638,3085,3,207,328,1,0,19864.0,ok,296.0,ok,141.0,ok,221.0,ok,3279.0,ok
244,data/automata/practice/practice_automata.hoa:3055552.1-3055606.7,6,22,24,24,2,22,0,0,0,51.0,ok,22.0,ok,10.0,ok,10.0,ok,44.0,ok
245,data/automata/practice/practice_automata.hoa:3055607.1-3055668.7,2,11,42,53,2,11,9,1,0,63.0,ok,5.0,ok,3.0,ok,4.0,ok,29.0,ok
246,data/automata/practice/practice_automata.hoa:3055669.1-3055734.7,1,14,43,43,2,12,10,1,0,78.0,ok,2.0,ok,1.0,ok,2.0,ok,31.0,ok
247,data/automata/practice/practice_automata.hoa:3055735.1-3056428.7,3,81,604,685,2,17,17,1,0,7731.0,ok,62.0,ok,36.0,ok,64.0,ok,253.0,ok
248,data/automata/practice/practice_automata.hoa:3056429.1-3057313.7,3,147,729,790,4,141,130,1,0,858.0,ok,18.0,ok,15.0,ok,20.0,ok,236.0,ok
249,data/automata/practice/practice_automata.hoa:3057314.1-3058759.7,7,96,1341,3549,2,38,56,1,0,624.0,ok,36.0,ok,36.0,ok,36.0,ok,151.0,ok
250,data/automata/practice/practice_automata.hoa:3058760.1-3058811.7,1,20,23,23,2,14,4,1,0,33.0,ok,10.0,ok,10.0,ok,10.0,ok,27.0,ok
251,data/automata/practice/practice_automata.hoa:3058812.1-3058837.7,1,5,12,12,2,4,3,1,0,41.0,ok,3.0,ok,2.0,ok,3.0,ok,14.0,ok
252,data/automata/practice/practice_automata.hoa:3058838.1-3058892.7,1,15,30,30,2,11,0,0,0,41.0,ok,19.0,ok,5.0,ok,11.0,ok,38.0,ok
253,data/automata/practice/practice_automata.hoa:3058893.1-3058914.7,2,4,9,16,2,4,3,1,0,79.0,ok,4.0,ok,1.0,ok,2.0,ok,18.0,ok
254,data/automata/practice/practice_automata.hoa:3058915.1-3067429.7,6,526,7980,10643,2,124,297,1,0,3177.0,ok,185.0,ok,185.0,ok,185.0,ok,829.0,ok
255,data/automata/practice/practice_automata.hoa:3067430.1-3068396.7,4,295,663,663,3,137,102,1,0,2308.0,ok,99.0,ok,62.0,ok,65.0,ok,569.0,ok
256,data/automata/practice/practice_automata.hoa:3068397.1-3068521.7,1,39,77,83,2,38,23,1,0,105.0,ok,16.0,ok,16.0,ok,16.0,ok,82.0,ok
257,data/automata/practice/practice_automata.hoa:3068522.1-3069215.7,4,81,604,685,2,17,17,1,0,14013.0,ok,63.0,ok,37.0,ok,65.0,ok,440.0,ok
258,data/automata/practice/practice_automata.hoa:3069216.1-3071281.7,4,219,1838,1851,2,67,133,1,0,1471.0,ok,74.0,ok,69.0,ok,18.0,ok,578.0,ok
259,data/automata/practice/practice_automata.hoa:3071282.1-3071848.7,6,54,504,715,2,32,39,1,0,613.0,ok,22.0,ok,22.0,ok,12.0,ok,164.0,ok
260,data/automata/practice/practice_automata.hoa:3071849.1-3072035.7,2,45,133,156,2,44,0,0,0,124.0,ok,47.0,ok,47.0,ok,47.0,ok,95.0,ok
261,data/automata/practice/practice_automata.hoa:3072036.1-3092187.7,8,2104,18039,73255,2,522,961,1,0,,timeout,7519.0,ok,7855.0,ok,5708.0,ok,,timeout
262,data/automata/practice/practice_automata.hoa:3092188.1-3373587.7,8,22276,259115,1219422,2,6383,11614,1,0,,timeout,,timeout,,timeout,,timeout,,exit code
263,data/automata/practice/practice_automata.hoa:3373588.1-3375793.7,3,709,1488,1488,2,259,227,1,0,5956.0,ok,821.0,ok,429.0,ok,380.0,ok,1424.0,ok
264,data/automata/practice/practice_automata.hoa:3375794.1-3376912.7,3,310,800,1139,2,76,80,1,0,4208.0,ok,192.0,ok,108.0,ok,120.0,ok,1154.0,ok
265,data/automata/practice/practice_automata.hoa:3376913.1-3376939.7,2,5,13,13,2,4,4,1,0,42.0,ok,4.0,ok,3.0,ok,3.0,ok,17.0,ok
266,data/automata/practice/practice_automata.hoa:3376940.1-3377084.7,5,22,114,150,2,16,16,1,0,173.0,ok,8.0,ok,7.0,ok,6.0,ok,62.0,ok
267,data/automata/practice/practice_automata.hoa:3377085.1-3483359.7,5,18202,88064,102586,3,6931,6024,1,0,,timeout,29816.0,ok,17083.0,ok,25282.0,ok,,timeout
268,data/automata/practice/practice_automata.hoa:3483360.1-3483403.7,3,9,26,32,2,6,5,1,0,55.0,ok,6.0,ok,5.0,ok,6.0,ok,28.0,ok
269,data/automata/practice/practice_automata.hoa:3483404.1-3487181.7,3,1097,2672,2672,3,496,450,1,0,6811.0,ok,824.0,ok,438.0,ok,406.0,ok,1360.0,ok
270,data/automata/practice/practice_automata.hoa:3487182.1-3511689.7,3,1993,22506,22681,2,1066,1926,1,0,6146.0,ok,46.0,ok,41.0,ok,47.0,ok,2574.0,ok
271,data/automata/practice/practice_automata.hoa:3511690.1-3511728.7,2,6,24,24,2,2,2,1,0,90.0,ok,11.0,ok,6.0,ok,7.0,ok,34.0,ok
272,data/automata/practice/practice_automata.hoa:3511729.1-3512422.7,3,81,604,685,2,17,17,1,0,7731.0,ok,62.0,ok,36.0,ok,64.0,ok,253.0,ok
273,data/automata/practice/practice_automata.hoa:3512423.1-3512541.7,2,23,87,96,2,18,11,1,0,290.0,ok,24.0,ok,18.0,ok,19.0,ok,106.0,ok
274,data/automata/practice/practice_automata.hoa:3512542.1-3512568.7,2,5,13,13,2,4,4,1,0,42.0,ok,4.0,ok,3.0,ok,3.0,ok,17.0,ok
275,data/automata/practice/practice_automata.hoa:3512569.1-3513792.7,5,116,1099,1099,2,35,61,1,0,857.0,ok,42.0,ok,41.0,ok,41.0,ok,209.0,ok
276,data/automata/practice/practice_automata.hoa:3513793.1-3514024.7,2,47,176,198,2,24,26,1,0,470.0,ok,35.0,ok,40.0,ok,34.0,ok,167.0,ok
277,data/automata/practice/practice_automata.hoa:3514025.1-3514774.7,3,131,610,610,3,49,67,1,0,8495.0,ok,47.0,ok,106.0,ok,29.0,ok,1039.0,ok
278,data/automata/practice/practice_automata.hoa:3514775.1-3514793.7,1,3,6,6,2,3,0,0,0,11.0,ok,5.0,ok,3.0,ok,2.0,ok,7.0,ok
279,data/automata/practice/practice_automata.hoa:3514794.1-3515190.7,6,40,348,573,2,25,30,1,0,294.0,ok,14.0,ok,9.0,ok,17.0,ok,119.0,ok
280,data/automata/practice/practice_automata.hoa:3515191.1-3516075.7,3,147,729,790,4,141,130,1,0,858.0,ok,18.0,ok,15.0,ok,20.0,ok,236.0,ok
281,data/automata/practice/practice_automata.hoa:3516076.1-3516876.7,2,180,612,669,2,36,54,1,0,2644.0,ok,231.0,ok,118.0,ok,141.0,ok,897.0,ok
282,data/automata/practice/practice_automata.hoa:3516877.1-3516982.7,4,16,81,256,2,16,15,1,0,201.0,ok,16.0,ok,1.0,ok,2.0,ok,90.0,ok
283,data/automata/practice/practice_automata.hoa:3516983.1-3518101.7,3,310,800,1139,2,76,80,1,0,4208.0,ok,192.0,ok,108.0,ok,120.0,ok,1154.0,ok
284,data/automata/practice/practice_automata.hoa:3518102.1-3518145.7,3,9,26,32,2,6,5,1,0,55.0,ok,6.0,ok,5.0,ok,6.0,ok,28.0,ok
285,data/automata/practice/practice_automata.hoa:3518146.1-3518542.7,4,48,340,445,3,32,34,1,0,21224.0,ok,53.0,ok,55.0,ok,23.0,ok,555.0,ok
286,data/automata/practice/practice_automata.hoa:3518543.1-3518918.7,3,77,290,340,3,71,61,1,0,749.0,ok,15.0,ok,12.0,ok,17.0,ok,192.0,ok
287,data/automata/practice/practice_automata.hoa:3518919.1-3518962.7,3,8,27,64,2,8,7,1,0,115.0,ok,8.0,ok,1.0,ok,2.0,ok,42.0,ok
288,data/automata/practice/practice_automata.hoa:3518963.1-3518991.7,4,6,14,14,2,5,3,1,0,55.0,ok,4.0,ok,3.0,ok,4.0,ok,13.0,ok
289,data/automata/practice/practice_automata.hoa:3518992.1-3519134.7,4,28,106,126,2,26,22,1,0,90.0,ok,7.0,ok,6.0,ok,7.0,ok,47.0,ok
290,data/automata/practice/practice_automata.hoa:3519135.1-3519261.7,1,40,78,84,2,39,23,1,0,123.0,ok,16.0,ok,16.0,ok,16.0,ok,93.0,ok
291,data/automata/practice/practice_automata.hoa:3519262.1-3519322.7,2,11,41,49,2,10,10,1,0,99.0,ok,3.0,ok,2.0,ok,2.0,ok,33.0,ok
292,data/automata/practice/practice_automata.hoa:3519323.1-3519366.7,3,8,27,64,2,8,7,1,0,115.0,ok,8.0,ok,1.0,ok,2.0,ok,42.0,ok
293,data/automata/practice/practice_automata.hoa:3519367.1-3520816.7,5,134,1307,1307,2,43,70,1,0,921.0,ok,52.0,ok,51.0,ok,51.0,ok,237.0,ok
294,data/automata/practice/practice_automata.hoa:3520817.1-3520970.7,3,47,98,331,2,16,12,1,0,462.0,ok,34.0,ok,30.0,ok,34.0,ok,193.0,ok
295,data/automata/practice/practice_automata.hoa:3520971.1-3520999.7,2,5,15,22,2,4,3,1,0,55.0,ok,4.0,ok,3.0,ok,4.0,ok,19.0,ok
296,data/automata/practice/practice_automata.hoa:3521000.1-3521109.7,3,22,79,79,2,15,14,1,0,176.0,ok,11.0,ok,10.0,ok,9.0,ok,65.0,ok
297,data/automata/practice/practice_automata.hoa:3521110.1-3521165.7,2,19,28,28,2,19,9,1,0,31.0,ok,12.0,ok,11.0,ok,11.0,ok,24.0,ok
298,data/automata/practice/practice_automata.hoa:3521166.1-3521192.7,2,5,13,13,2,4,4,1,0,42.0,ok,4.0,ok,3.0,ok,3.0,ok,17.0,ok
299,data/automata/practice/practice_automata.hoa:3521193.1-3521214.7,2,4,9,16,2,4,3,1,0,79.0,ok,4.0,ok,1.0,ok,2.0,ok,18.0,ok
300,data/automata/practice/practice_automata.hoa:3521215.1-3521466.7,8,27,216,468,2,8,19,1,0,160.0,ok,9.0,ok,9.0,ok,9.0,ok,42.0,ok
301,data/automata/practice/practice_automata.hoa:3521467.1-3521508.7,3,14,19,19,2,14,6,1,0,26.0,ok,10.0,ok,9.0,ok,9.0,ok,20.0,ok
302,data/automata/practice/practice_automata.hoa:3521509.1-3521576.7,2,16,43,46,2,12,11,1,0,66.0,ok,10.0,ok,9.0,ok,10.0,ok,39.0,ok
303,data/automata/practice/practice_automata.hoa:3521577.1-3521603.7,2,5,13,13,2,4,4,1,0,42.0,ok,4.0,ok,3.0,ok,3.0,ok,17.0,ok
304,data/automata/practice/practice_automata.hoa:3521604.1-3521625.7,1,4,9,10,2,4,3,1,0,34.0,ok,2.0,ok,1.0,ok,2.0,ok,10.0,ok
305,data/automata/practice/practice_automata.hoa:3521626.1-3521647.7,2,4,9,16,2,4,3,1,0,79.0,ok,4.0,ok,1.0,ok,2.0,ok,18.0,ok
306,data/automata/practice/practice_automata.hoa:3521648.1-3521821.7,2,35,130,160,2,34,24,1,0,116.0,ok,11.0,ok,10.0,ok,11.0,ok,67.0,ok
307,data/automata/practice/practice_automata.hoa:3521822.1-3530664.7,3,1933,6901,7393,4,550,925,1,0,34484.0,ok,424.0,ok,183.0,ok,247.0,ok,4249.0,ok
308,data/automata/practice/practice_automata.hoa:3530665.1-3531918.7,8,78,1167,5686,2,23,42,1,0,612.0,ok,28.0,ok,27.0,ok,30.0,ok,145.0,ok
309,data/automata/practice/practice_automata.hoa:3531919.1-3532275.7,3,74,274,284,2,52,61,1,0,331.0,ok,11.0,ok,9.0,ok,10.0,ok,72.0,ok
310,data/automata/practice/practice_automata.hoa:3532276.1-3532787.7,4,67,436,551,2,42,58,1,0,472.0,ok,51.0,ok,49.0,ok,56.0,ok,248.0,ok
311,data/automata/practice/practice_automata.hoa:3532788.1-3533197.7,4,59,342,429,2,17,26,1,0,1506.0,ok,33.0,ok,11.0,ok,20.0,ok,516.0,ok
312,data/automata/practice/practice_automata.hoa:3533198.1-3547679.7,3,1414,13059,13200,2,649,1159,1,0,11356.0,ok,493.0,ok,320.0,ok,465.0,ok,2897.0,ok
313,data/automata/practice/practice_automata.hoa:3547680.1-3547743.7,3,17,38,38,2,17,10,1,0,40.0,ok,8.0,ok,7.0,ok,7.0,ok,19.0,ok
314,data/automata/practice/practice_automata.hoa:3547744.1-3547765.7,2,4,9,16,2,4,3,1,0,79.0,ok,4.0,ok,1.0,ok,2.0,ok,18.0,ok
315,data/automata/practice/practice_automata.hoa:3547766.1-3547831.7,1,17,40,41,2,16,11,1,0,73.0,ok,6.0,ok,4.0,ok,5.0,ok,38.0,ok
316,data/automata/practice/practice_automata.hoa:3547832.1-3547931.7,3,16,75,78,2,10,12,1,0,143.0,ok,5.0,ok,4.0,ok,4.0,ok,45.0,ok
317,data/automata/practice/practice_automata.hoa:3547932.1-3548067.7,2,33,94,122,2,10,8,1,0,605.0,ok,49.0,ok,22.0,ok,20.0,ok,181.0,ok
318,data/automata/practice/practice_automata.hoa:3548068.1-3548116.7,6,19,21,21,2,19,0,0,0,47.0,ok,19.0,ok,8.0,ok,8.0,ok,38.0,ok
319,data/automata/practice/practice_automata.hoa:3548117.1-3554969.7,4,1195,5649,7461,3,290,436,1,0,36327.0,ok,1921.0,ok,967.0,ok,1374.0,ok,7998.0,ok
320,data/automata/practice/practice_automata.hoa:3554970.1-3555050.7,3,18,54,54,2,13,11,1,0,97.0,ok,8.0,ok,7.0,ok,7.0,ok,25.0,ok
321,data/automata/practice/practice_automata.hoa:3555051.1-3555251.7,3,50,142,199,2,15,15,1,0,1083.0,ok,75.0,ok,38.0,ok,40.0,ok,269.0,ok
322,data/automata/practice/practice_automata.hoa:3555252.1-3555278.7,2,5,13,13,2,4,4,1,0,42.0,ok,4.0,ok,3.0,ok,3.0,ok,17.0,ok
323,data/automata/practice/practice_automata.hoa:3555279.1-3555300.7,2,4,9,16,2,4,3,1,0,79.0,ok,4.0,ok,1.0,ok,2.0,ok,18.0,ok
324,data/automata/practice/practice_automata.hoa:3555301.1-3555344.7,3,9,26,32,2,6,5,1,0,55.0,ok,6.0,ok,5.0,ok,6.0,ok,28.0,ok
325,data/automata/practice/practice_automata.hoa:3555345.1-3562377.7,6,459,6565,8756,2,91,250,1,0,3518.0,ok,151.0,ok,151.0,ok,151.0,ok,831.0,ok
326,data/automata/practice/practice_automata.hoa:3562378.1-3562452.7,4,14,52,56,2,10,10,1,0,102.0,ok,6.0,ok,5.0,ok,6.0,ok,32.0,ok
327,data/automata/practice/practice_automata.hoa:3562453.1-3562491.7,1,8,22,23,2,7,6,1,0,34.0,ok,2.0,ok,2.0,ok,2.0,ok,15.0,ok
328,data/automata/practice/practice_automata.hoa:3562492.1-3722785.7,5,25822,134463,148417,4,7218,12086,1,0,,timeout,56662.0,ok,,timeout,67878.0,ok,,timeout
329,data/automata/practice/practice_automata.hoa:3722786.1-3722890.7,4,18,78,78,2,11,13,1,0,132.0,ok,9.0,ok,8.0,ok,8.0,ok,45.0,ok
330,data/automata/practice/practice_automata.hoa:3722891.1-3722917.7,3,8,10,10,2,8,3,1,0,20.0,ok,7.0,ok,6.0,ok,6.0,ok,14.0,ok
331,data/automata/practice/practice_automata.hoa:3722918.1-3723175.7,2,45,204,204,2,15,13,1,0,4742.0,ok,32.0,ok,18.0,ok,29.0,ok,130.0,ok
332,data/automata/practice/practice_automata.hoa:3723176.1-3723519.7,5,74,261,642,2,8,20,1,0,5919.0,ok,234.0,ok,107.0,ok,147.0,ok,689.0,ok
333,data/automata/practice/practice_automata.hoa:3723520.1-3723679.7,3,38,113,153,2,32,24,1,0,336.0,ok,14.0,ok,11.0,ok,16.0,ok,151.0,ok
334,data/automata/practice/practice_automata.hoa:3723680.1-3724798.7,3,310,800,1139,2,76,80,1,0,4208.0,ok,192.0,ok,108.0,ok,120.0,ok,1154.0,ok
335,data/automata/practice/practice_automata.hoa:3724799.1-3726052.7,8,78,1167,5686,2,23,42,1,0,612.0,ok,28.0,ok,27.0,ok,30.0,ok,145.0,ok
336,data/automata/practice/practice_automata.hoa:3726053.1-3726087.7,2,6,20,24,2,3,3,1,0,77.0,ok,8.0,ok,6.0,ok,7.0,ok,36.0,ok
337,data/automata/practice/practice_automata.hoa:3726088.1-3726837.7,3,131,610,610,3,49,67,1,0,8495.0,ok,47.0,ok,106.0,ok,29.0,ok,1039.0,ok
338,data/automata/practice/practice_automata.hoa:3726838.1-3727054.7,2,39,169,186,2,18,27,1,0,340.0,ok,32.0,ok,37.0,ok,30.0,ok,131.0,ok
339,data/automata/practice/practice_automata.hoa:3727055.1-3727190.7,2,33,94,122,2,10,8,1,0,605.0,ok,49.0,ok,22.0,ok,20.0,ok,181.0,ok
340,data/automata/practice/practice_automata.hoa:3727191.1-3727315.7,3,37,79,81,2,36,7,1,0,93.0,ok,31.0,ok,26.0,ok,27.0,ok,78.0,ok
341,data/automata/practice/practice_automata.hoa:3727316.1-3727527.7,2,59,144,234,2,27,0,0,0,151.0,ok,68.0,ok,20.0,ok,20.0,ok,129.0,ok
342,data/automata/practice/practice_automata.hoa:3727528.1-3727621.7,4,17,68,72,2,12,12,1,0,128.0,ok,8.0,ok,7.0,ok,6.0,ok,48.0,ok
343,data/automata/practice/practice_automata.hoa:3727622.1-3727665.7,3,8,27,64,2,8,7,1,0,115.0,ok,8.0,ok,1.0,ok,2.0,ok,42.0,ok
344,data/automata/practice/practice_automata.hoa:3727666.1-3727825.7,3,38,113,153,2,32,24,1,0,336.0,ok,14.0,ok,11.0,ok,16.0,ok,151.0,ok
345,data/automata/practice/practice_automata.hoa:3727826.1-3729284.7,4,158,1292,1373,3,48,98,1,0,,timeout,132.0,ok,165.0,ok,78.0,ok,1513.0,ok
346,data/automata/practice/practice_automata.hoa:3729285.1-3729365.7,2,16,56,56,3,16,13,1,0,24.0,ok,6.0,ok,5.0,ok,5.0,ok,12.0,ok
347,data/automata/practice/practice_automata.hoa:3729366.1-3729387.7,2,4,9,16,2,4,3,1,0,79.0,ok,4.0,ok,1.0,ok,2.0,ok,18.0,ok
348,data/automata/practice/practice_automata.hoa:3729388.1-3730611.7,5,116,1099,1099,2,35,61,1,0,857.0,ok,42.0,ok,41.0,ok,41.0,ok,209.0,ok
349,data/automata/practice/practice_automata.hoa:3730612.1-3730633.7,2,4,9,16,2,4,3,1,0,79.0,ok,4.0,ok,1.0,ok,2.0,ok,18.0,ok
350,data/automata/practice/practice_automata.hoa:3730815.1-3730854.7,3,8,23,27,2,5,5,1,0,73.0,ok,6.0,ok,5.0,ok,4.0,ok,28.0,ok
351,data/automata/practice/practice_automata.hoa:3730855.1-3730898.7,3,9,26,32,2,6,5,1,0,55.0,ok,6.0,ok,5.0,ok,6.0,ok,28.0,ok
352,data/automata/practice/practice_automata.hoa:3730899.1-3731274.7,3,77,290,340,3,71,61,1,0,749.0,ok,15.0,ok,12.0,ok,17.0,ok,192.0,ok
353,data/automata/practice/practice_automata.hoa:3731275.1-3732762.7,5,140,1339,1339,2,38,83,1,0,1031.0,ok,38.0,ok,37.0,ok,37.0,ok,275.0,ok
354,data/automata/practice/practice_automata.hoa:3732763.1-3732955.7,3,34,150,238,2,25,22,1,0,221.0,ok,5.0,ok,4.0,ok,5.0,ok,80.0,ok
355,data/automata/practice/practice_automata.hoa:3732956.1-3732985.7,1,6,15,15,2,5,4,1,0,35.0,ok,4.0,ok,3.0,ok,4.0,ok,8.0,ok
356,data/automata/practice/practice_automata.hoa:3732986.1-3733012.7,2,5,13,13,2,4,4,1,0,42.0,ok,4.0,ok,3.0,ok,3.0,ok,17.0,ok
357,data/automata/practice/practice_automata.hoa:3733013.1-3733148.7,2,33,94,122,2,10,8,1,0,605.0,ok,49.0,ok,22.0,ok,20.0,ok,181.0,ok
358,data/automata/practice/practice_automata.hoa:3733149.1-3736336.7,6,212,2967,3393,2,49,147,1,0,1791.0,ok,46.0,ok,45.0,ok,48.0,ok,549.0,ok
359,data/automata/practice/practice_automata.hoa:3736337.1-3736417.7,3,18,54,54,2,13,11,1,0,99.0,ok,8.0,ok,7.0,ok,7.0,ok,29.0,ok
360,data/automata/practice/practice_automata.hoa:3736418.1-3744324.7,3,824,7074,7176,2,311,485,1,0,9621.0,ok,487.0,ok,618.0,ok,474.0,ok,2790.0,ok
361,data/automata/practice/practice_automata.hoa:3744325.1-3744359.7,6,12,14,14,2,12,0,0,0,30.0,ok,12.0,ok,6.0,ok,6.0,ok,24.0,ok
362,data/automata/practice/practice_automata.hoa:3744360.1-3745818.7,4,158,1292,1373,3,48,98,1,0,,timeout,132.0,ok,165.0,ok,78.0,ok,1513.0,ok
363,data/automata/practice/practice_automata.hoa:3745819.1-3746978.7,6,90,1061,1694,2,37,53,1,0,583.0,ok,34.0,ok,34.0,ok,34.0,ok,141.0,ok
364,data/automata/practice/practice_automata.hoa:3746979.1-3747022.7,3,8,27,64,2,8,7,1,0,115.0,ok,8.0,ok,1.0,ok,2.0,ok,42.0,ok
365,data/automata/practice/practice_automata.hoa:3747023.1-3767174.7,8,2104,18039,73255,2,522,961,1,0,,timeout,7519.0,ok,7855.0,ok,5705.0,ok,,timeout
366,data/automata/practice/practice_automata.hoa:3767175.1-3767201.7,2,5,13,13,2,4,4,1,0,42.0,ok,4.0,ok,3.0,ok,3.0,ok,17.0,ok
367,data/automata/practice/practice_automata.hoa:3767202.1-3767276.7,3,13,53,57,2,9,10,1,0,93.0,ok,5.0,ok,4.0,ok,4.0,ok,32.0,ok
368,data/automata/practice/practice_automata.hoa:3767277.1-3767652.7,3,77,290,340,3,71,61,1,0,749.0,ok,15.0,ok,12.0,ok,17.0,ok,192.0,ok
369,data/automata/practice/practice_automata.hoa:3767653.1-3769451.7,5,165,1625,1625,2,50,94,1,0,1075.0,ok,52.0,ok,51.0,ok,51.0,ok,291.0,ok
370,data/automata/practice/practice_automata.hoa:3769452.1-3769473.7,2,4,9,16,2,4,3,1,0,79.0,ok,4.0,ok,1.0,ok,2.0,ok,18.0,ok
371,data/automata/practice/practice_automata.hoa:3769474.1-3769527.7,6,9,36,74,2,4,5,1,0,88.0,ok,5.0,ok,5.0,ok,5.0,ok,22.0,ok
372,data/automata/practice/practice_automata.hoa:3769528.1-3769551.7,1,5,10,11,2,5,3,1,0,29.0,ok,4.0,ok,3.0,ok,4.0,ok,13.0,ok
373,data/automata/practice/practice_automata.hoa:3769552.1-3769674.7,4,22,92,102,2,17,13,1,0,167.0,ok,8.0,ok,7.0,ok,6.0,ok,35.0,ok
374,data/automata/practice/practice_automata.hoa:3769675.1-3769833.7,3,22,128,188,2,21,20,1,0,153.0,ok,6.0,ok,3.0,ok,6.0,ok,67.0,ok
375,data/automata/practice/practice_automata.hoa:3769834.1-3769897.7,3,17,38,38,2,17,10,1,0,40.0,ok,8.0,ok,7.0,ok,7.0,ok,19.0,ok
376,data/automata/practice/practice_automata.hoa:3769898.1-3770002.7,4,18,78,78,2,11,13,1,0,132.0,ok,9.0,ok,8.0,ok,8.0,ok,45.0,ok
377,data/automata/practice/practice_automata.hoa:3770003.1-3770024.7,2,4,9,16,2,4,3,1,0,79.0,ok,4.0,ok,1.0,ok,2.0,ok,18.0,ok
378,data/automata/practice/practice_automata.hoa:3770025.1-3770055.7,3,6,16,22,2,5,4,1,0,36.0,ok,4.0,ok,3.0,ok,4.0,ok,14.0,ok
379,data/automata/practice/practice_automata.hoa:3770056.1-3770200.7,5,22,114,150,2,16,16,1,0,173.0,ok,8.0,ok,7.0,ok,6.0,ok,62.0,ok
380,data/automata/practice/practice_automata.hoa:3770201.1-3770355.7,2,25,121,121,2,9,9,1,0,3995.0,ok,30.0,ok,20.0,ok,32.0,ok,108.0,ok
381,data/automata/practice/practice_automata.hoa:3770356.1-3772852.7,7,156,2332,5182,2,62,95,1,0,1214.0,ok,20.0,ok,19.0,ok,21.0,ok,298.0,ok
382,data/automata/practice/practice_automata.hoa:3772853.1-3772923.7,3,10,52,80,2,4,5,1,0,182.0,ok,7.0,ok,4.0,ok,5.0,ok,64.0,ok
383,data/automata/practice/practice_automata.hoa:3772924.1-3775420.7,7,156,2332,5182,2,62,95,1,0,1214.0,ok,20.0,ok,19.0,ok,21.0,ok,298.0,ok
384,data/automata/practice/practice_automata.hoa:3775421.1-3775796.7,3,77,290,340,3,71,61,1,0,749.0,ok,15.0,ok,12.0,ok,17.0,ok,192.0,ok
385,data/automata/practice/practice_automata.hoa:3775797.1-3775932.7,2,33,94,122,2,10,8,1,0,605.0,ok,49.0,ok,22.0,ok,20.0,ok,181.0,ok
386,data/automata/practice/practice_automata.hoa:3775933.1-3775984.7,3,13,30,31,2,11,8,1,0,59.0,ok,10.0,ok,9.0,ok,8.0,ok,41.0,ok
387,data/automata/practice/practice_automata.hoa:3775985.1-3776034.7,2,9,32,41,2,8,7,1,0,58.0,ok,4.0,ok,2.0,ok,3.0,ok,23.0,ok
388,data/automata/practice/practice_automata.hoa:3776035.1-3778018.7,2,528,1447,1877,2,223,92,1,0,3766.0,ok,29.0,ok,21.0,ok,28.0,ok,929.0,ok
389,data/automata/practice/practice_automata.hoa:3778019.1-3778079.7,2,11,41,49,2,10,10,1,0,110.0,ok,3.0,ok,2.0,ok,2.0,ok,39.0,ok
390,data/automata/practice/practice_automata.hoa:3778080.1-3778153.7,3,14,51,66,2,13,11,1,0,70.0,ok,5.0,ok,4.0,ok,5.0,ok,27.0,ok
391,data/automata/practice/practice_automata.hoa:3778154.1-3778278.7,1,39,77,83,2,38,23,1,0,105.0,ok,16.0,ok,16.0,ok,16.0,ok,82.0,ok
392,data/automata/practice/practice_automata.hoa:3778279.1-3810443.7,4,7710,24446,25151,2,3594,3904,1,0,,timeout,9796.0,ok,7460.0,ok,,timeout,,timeout
393,data/automata/practice/practice_automata.hoa:3810444.1-3811067.7,3,113,502,754,3,28,38,1,0,4086.0,ok,185.0,ok,96.0,ok,56.0,ok,963.0,ok
394,data/automata/practice/practice_automata.hoa:3811068.1-3811089.7,2,4,9,16,2,4,3,1,0,79.0,ok,4.0,ok,1.0,ok,2.0,ok,18.0,ok
395,data/automata/practice/practice_automata.hoa:3811090.1-3811111.7,2,4,9,16,2,4,3,1,0,79.0,ok,4.0,ok,1.0,ok,2.0,ok,18.0,ok
396,data/automata/practice/practice_automata.hoa:3811112.1-3811137.7,2,4,13,16,2,3,2,1,0,72.0,ok,7.0,ok,6.0,ok,5.0,ok,25.0,ok
397,data/automata/practice/practice_automata.hoa:3811138.1-3811494.7,3,74,274,284,2,52,61,1,0,331.0,ok,11.0,ok,9.0,ok,10.0,ok,72.0,ok
398,data/automata/practice/practice_automata.hoa:3811495.1-3812163.7,6,70,590,1001,2,13,49,1,0,660.0,ok,24.0,ok,23.0,ok,26.0,ok,174.0,ok
399,data/automata/practice/practice_automata.hoa:3812164.1-3812239.7,3,31,36,36,2,29,5,1,0,54.0,ok,9.0,ok,9.0,ok,9.0,ok,46.0,ok
400,data/automata/practice/practice_automata.hoa:3812240.1-3812384.7,5,22,114,150,2,16,16,1,0,173.0,ok,8.0,ok,7.0,ok,6.0,ok,62.0,ok
401,data/automata/practice/practice_automata.hoa:3812385.1-3812406.7,2,4,9,16,2,4,3,1,0,79.0,ok,4.0,ok,1.0,ok,2.0,ok,18.0,ok
402,data/automata/practice/practice_automata.hoa:3812407.1-3812529.7,4,22,92,102,2,17,13,1,0,167.0,ok,8.0,ok,7.0,ok,6.0,ok,35.0,ok
403,data/automata/practice/practice_automata.hoa:3812530.1-3812585.7,2,19,28,28,2,19,9,1,0,31.0,ok,12.0,ok,11.0,ok,11.0,ok,24.0,ok
404,data/automata/practice/practice_automata.hoa:3812586.1-3812639.7,6,9,36,74,2,4,5,1,0,88.0,ok,5.0,ok,5.0,ok,5.0,ok,22.0,ok
405,data/automata/practice/practice_automata.hoa:3812640.1-3812799.7,3,38,113,153,2,32,24,1,0,336.0,ok,14.0,ok,11.0,ok,16.0,ok,151.0,ok
406,data/automata/practice/practice_automata.hoa:3812800.1-3816391.7,2,791,2792,3000,2,255,220,1,0,15297.0,ok,873.0,ok,471.0,ok,,timeout,2857.0,ok
407,data/automata/practice/practice_automata.hoa:3816392.1-3816628.7,3,40,188,188,2,33,26,1,0,192.0,ok,11.0,ok,10.0,ok,9.0,ok,55.0,ok
408,data/automata/practice/practice_automata.hoa:3816629.1-3816743.7,2,25,81,102,2,16,17,1,0,121.0,ok,13.0,ok,10.0,ok,12.0,ok,60.0,ok
409,data/automata/practice/practice_automata.hoa:3816744.1-3816762.7,1,3,6,6,2,3,0,0,0,11.0,ok,5.0,ok,3.0,ok,2.0,ok,7.0,ok
410,data/automata/practice/practice_automata.hoa:3816763.1-3818328.7,5,272,1285,2097,3,36,112,1,0,,timeout,1007.0,ok,390.0,ok,579.0,ok,2385.0,ok
