,input.source,input.ap,input.states,input.edges,input.transitions,input.acc_sets,input.scc,input.nondetstates,input.nondeterministic,input.alternating,SimCo_Base,SimCo_Base_exit_status,SimCo_RoundRobin,SimCo_RoundRobin_exit_status,SimCo_Skip,SimCo_Skip_exit_status,SimCo_SCC,SimCo_SCC_exit_status,SimCo_Jump,SimCo_Jump_exit_status,SimCo_EarlyTaint,SimCo_EarlyTaint_exit_status,SimCo_Merge,SimCo_Merge_exit_status
0,data/automata/random/TGBA.hoa:1.1-25.7,2,5,11,11,2,1,3,1,0,345.0,ok,356.0,ok,267.0,ok,84.0,ok,345.0,ok,334.0,ok,340.0,ok
1,data/automata/random/TGBA.hoa:26.1-41.7,2,3,4,4,2,1,0,0,0,16.0,ok,15.0,ok,12.0,ok,13.0,ok,12.0,ok,15.0,ok,16.0,ok
2,data/automata/random/TGBA.hoa:42.1-55.7,2,2,3,3,2,1,0,0,0,13.0,ok,13.0,ok,10.0,ok,10.0,ok,13.0,ok,13.0,ok,13.0,ok
3,data/automata/random/TGBA.hoa:56.1-73.7,2,4,5,5,2,2,0,0,0,19.0,ok,18.0,ok,15.0,ok,16.0,ok,19.0,ok,18.0,ok,19.0,ok
4,data/automata/random/TGBA.hoa:74.1-94.7,2,4,8,8,2,1,2,1,0,257.0,ok,302.0,ok,186.0,ok,78.0,ok,267.0,ok,275.0,ok,252.0,ok
5,data/automata/random/TGBA.hoa:95.1-121.7,2,6,12,12,2,2,2,1,0,44.0,ok,53.0,ok,36.0,ok,29.0,ok,56.0,ok,51.0,ok,44.0,ok
6,data/automata/random/TGBA.hoa:122.1-154.7,2,7,17,17,2,1,2,1,0,638.0,ok,713.0,ok,494.0,ok,165.0,ok,635.0,ok,661.0,ok,600.0,ok
7,data/automata/random/TGBA.hoa:155.1-183.7,2,6,14,14,2,2,4,1,0,166.0,ok,175.0,ok,134.0,ok,52.0,ok,155.0,ok,173.0,ok,166.0,ok
8,data/automata/random/TGBA.hoa:184.1-210.7,2,6,12,12,2,2,2,1,0,82.0,ok,86.0,ok,65.0,ok,55.0,ok,82.0,ok,86.0,ok,82.0,ok
9,data/automata/random/TGBA.hoa:211.1-224.7,2,2,3,3,2,1,1,1,0,13.0,ok,15.0,ok,10.0,ok,10.0,ok,13.0,ok,14.0,ok,13.0,ok
10,data/automata/random/TGBA.hoa:225.1-252.7,2,7,12,12,2,2,3,1,0,102.0,ok,106.0,ok,76.0,ok,45.0,ok,102.0,ok,103.0,ok,102.0,ok
11,data/automata/random/TGBA.hoa:253.1-282.7,2,6,15,15,2,1,1,1,0,265.0,ok,292.0,ok,224.0,ok,106.0,ok,265.0,ok,291.0,ok,265.0,ok
12,data/automata/random/TGBA.hoa:283.1-304.7,2,4,9,9,2,1,2,1,0,94.0,ok,100.0,ok,71.0,ok,41.0,ok,94.0,ok,99.0,ok,94.0,ok
13,data/automata/random/TGBA.hoa:305.1-327.7,2,5,9,9,2,2,2,1,0,55.0,ok,70.0,ok,36.0,ok,25.0,ok,55.0,ok,63.0,ok,55.0,ok
14,data/automata/random/TGBA.hoa:328.1-355.7,2,6,13,13,2,1,1,1,0,420.0,ok,451.0,ok,322.0,ok,143.0,ok,519.0,ok,454.0,ok,414.0,ok
15,data/automata/random/TGBA.hoa:356.1-376.7,2,4,8,8,2,1,1,1,0,116.0,ok,116.0,ok,91.0,ok,60.0,ok,105.0,ok,116.0,ok,116.0,ok
16,data/automata/random/TGBA.hoa:377.1-402.7,2,5,12,12,2,1,3,1,0,174.0,ok,174.0,ok,133.0,ok,46.0,ok,174.0,ok,169.0,ok,174.0,ok
17,data/automata/random/TGBA.hoa:403.1-434.7,2,7,16,16,2,1,3,1,0,1479.0,ok,1587.0,ok,1082.0,ok,352.0,ok,1479.0,ok,1506.0,ok,1325.0,ok
18,data/automata/random/TGBA.hoa:435.1-469.7,2,7,19,19,2,1,2,1,0,689.0,ok,687.0,ok,507.0,ok,183.0,ok,700.0,ok,682.0,ok,652.0,ok
19,data/automata/random/TGBA.hoa:470.1-501.7,2,7,16,16,2,1,1,1,0,238.0,ok,248.0,ok,186.0,ok,73.0,ok,277.0,ok,245.0,ok,238.0,ok
20,data/automata/random/TGBA.hoa:502.1-533.7,2,7,16,16,2,1,3,1,0,518.0,ok,597.0,ok,412.0,ok,147.0,ok,518.0,ok,561.0,ok,507.0,ok
21,data/automata/random/TGBA.hoa:534.1-567.7,2,7,18,18,2,1,2,1,0,1012.0,ok,969.0,ok,665.0,ok,243.0,ok,1006.0,ok,935.0,ok,846.0,ok
22,data/automata/random/TGBA.hoa:568.1-594.7,2,6,12,12,2,2,1,1,0,76.0,ok,76.0,ok,58.0,ok,43.0,ok,70.0,ok,76.0,ok,76.0,ok
23,data/automata/random/TGBA.hoa:595.1-627.7,2,7,17,17,2,1,3,1,0,205.0,ok,250.0,ok,152.0,ok,64.0,ok,205.0,ok,221.0,ok,191.0,ok
24,data/automata/random/TGBA.hoa:628.1-647.7,2,4,7,7,2,1,0,0,0,23.0,ok,21.0,ok,18.0,ok,20.0,ok,13.0,ok,21.0,ok,23.0,ok
25,data/automata/random/TGBA.hoa:648.1-679.7,2,6,17,17,2,1,2,1,0,578.0,ok,584.0,ok,432.0,ok,196.0,ok,132.0,ok,565.0,ok,564.0,ok
26,data/automata/random/TGBA.hoa:680.1-702.7,2,5,9,9,2,2,0,0,0,22.0,ok,22.0,ok,16.0,ok,22.0,ok,21.0,ok,22.0,ok,22.0,ok
27,data/automata/random/TGBA.hoa:703.1-727.7,3,5,11,11,2,1,1,1,0,54.0,ok,54.0,ok,41.0,ok,29.0,ok,54.0,ok,54.0,ok,54.0,ok
28,data/automata/random/TGBA.hoa:728.1-742.7,3,2,4,4,2,1,1,1,0,27.0,ok,27.0,ok,20.0,ok,17.0,ok,27.0,ok,27.0,ok,27.0,ok
29,data/automata/random/TGBA.hoa:743.1-773.7,3,7,15,15,2,1,1,1,0,69.0,ok,70.0,ok,50.0,ok,52.0,ok,75.0,ok,70.0,ok,69.0,ok
30,data/automata/random/TGBA.hoa:774.1-808.7,3,7,19,19,2,1,2,1,0,466.0,ok,509.0,ok,352.0,ok,136.0,ok,466.0,ok,497.0,ok,466.0,ok
31,data/automata/random/TGBA.hoa:809.1-837.7,3,6,14,14,2,1,2,1,0,236.0,ok,249.0,ok,181.0,ok,69.0,ok,232.0,ok,244.0,ok,236.0,ok
32,data/automata/random/TGBA.hoa:838.1-855.7,3,4,5,5,2,1,0,0,0,21.0,ok,21.0,ok,16.0,ok,18.0,ok,21.0,ok,21.0,ok,21.0,ok
33,data/automata/random/TGBA.hoa:856.1-887.7,3,7,16,16,2,1,2,1,0,261.0,ok,269.0,ok,200.0,ok,62.0,ok,261.0,ok,266.0,ok,261.0,ok
34,data/automata/random/TGBA.hoa:888.1-903.7,3,3,4,4,2,1,0,0,0,13.0,ok,13.0,ok,9.0,ok,10.0,ok,13.0,ok,13.0,ok,13.0,ok
35,data/automata/random/TGBA.hoa:904.1-937.7,3,7,18,18,2,1,2,1,0,379.0,ok,470.0,ok,272.0,ok,106.0,ok,429.0,ok,428.0,ok,353.0,ok
36,data/automata/random/TGBA.hoa:938.1-969.7,3,7,16,16,2,4,2,1,0,190.0,ok,204.0,ok,146.0,ok,44.0,ok,205.0,ok,192.0,ok,190.0,ok
37,data/automata/random/TGBA.hoa:970.1-997.7,3,6,13,13,2,2,2,1,0,54.0,ok,56.0,ok,44.0,ok,32.0,ok,54.0,ok,56.0,ok,54.0,ok
38,data/automata/random/TGBA.hoa:998.1-1022.7,3,6,10,10,2,2,0,0,0,23.0,ok,23.0,ok,17.0,ok,20.0,ok,23.0,ok,23.0,ok,23.0,ok
39,data/automata/random/TGBA.hoa:1023.1-1050.7,3,6,13,13,2,1,1,1,0,98.0,ok,96.0,ok,75.0,ok,61.0,ok,96.0,ok,96.0,ok,98.0,ok
40,data/automata/random/TGBA.hoa:1051.1-1078.7,3,6,13,13,2,1,1,1,0,135.0,ok,131.0,ok,98.0,ok,55.0,ok,135.0,ok,128.0,ok,135.0,ok
41,data/automata/random/TGBA.hoa:1079.1-1096.7,3,3,6,6,2,1,0,0,0,16.0,ok,16.0,ok,12.0,ok,13.0,ok,16.0,ok,16.0,ok,16.0,ok
42,data/automata/random/TGBA.hoa:1097.1-1113.7,3,3,5,5,2,1,0,0,0,20.0,ok,20.0,ok,16.0,ok,17.0,ok,20.0,ok,20.0,ok,20.0,ok
43,data/automata/random/TGBA.hoa:1114.1-1146.7,3,7,17,17,2,1,3,1,0,89.0,ok,118.0,ok,74.0,ok,67.0,ok,122.0,ok,114.0,ok,89.0,ok
44,data/automata/random/TGBA.hoa:1147.1-1181.7,3,7,19,19,2,2,2,1,0,204.0,ok,201.0,ok,159.0,ok,103.0,ok,216.0,ok,201.0,ok,204.0,ok
45,data/automata/random/TGBA.hoa:1182.1-1194.7,3,2,2,2,2,1,0,0,0,10.0,ok,9.0,ok,7.0,ok,7.0,ok,7.0,ok,9.0,ok,10.0,ok
46,data/automata/random/TGBA.hoa:1195.1-1218.7,3,5,10,10,2,1,0,0,0,24.0,ok,24.0,ok,18.0,ok,21.0,ok,24.0,ok,24.0,ok,24.0,ok
47,data/automata/random/TGBA.hoa:1219.1-1236.7,3,4,5,5,2,3,0,0,0,20.0,ok,21.0,ok,17.0,ok,15.0,ok,20.0,ok,21.0,ok,20.0,ok
48,data/automata/random/TGBA.hoa:1237.1-1252.7,3,2,4,4,2,1,0,0,0,13.0,ok,13.0,ok,10.0,ok,10.0,ok,13.0,ok,13.0,ok,13.0,ok
49,data/automata/random/TGBA.hoa:1253.1-1278.7,3,6,11,11,2,1,1,1,0,97.0,ok,108.0,ok,82.0,ok,38.0,ok,77.0,ok,106.0,ok,97.0,ok
50,data/automata/random/TGBA.hoa:1279.1-1297.7,3,4,6,6,2,2,0,0,0,15.0,ok,15.0,ok,11.0,ok,12.0,ok,15.0,ok,15.0,ok,15.0,ok
51,data/automata/random/TGBA.hoa:1298.1-1327.7,3,7,14,14,2,1,1,1,0,104.0,ok,104.0,ok,74.0,ok,74.0,ok,104.0,ok,104.0,ok,104.0,ok
52,data/automata/random/TGBA.hoa:1328.1-1351.7,3,5,10,10,2,1,2,1,0,91.0,ok,102.0,ok,71.0,ok,32.0,ok,94.0,ok,100.0,ok,91.0,ok
53,data/automata/random/TGBA.hoa:1352.1-1370.7,3,4,6,6,2,1,0,0,0,18.0,ok,18.0,ok,13.0,ok,15.0,ok,15.0,ok,18.0,ok,18.0,ok
54,data/automata/random/TGBA.hoa:1371.1-1404.7,3,7,18,18,2,1,2,1,0,527.0,ok,592.0,ok,411.0,ok,132.0,ok,518.0,ok,549.0,ok,522.0,ok
55,data/automata/random/TGBA.hoa:1405.1-1428.7,3,5,10,10,2,1,1,1,0,137.0,ok,149.0,ok,112.0,ok,60.0,ok,122.0,ok,148.0,ok,137.0,ok
56,data/automata/random/TGBA.hoa:1429.1-1452.7,4,5,10,10,2,2,1,1,0,169.0,ok,174.0,ok,120.0,ok,58.0,ok,169.0,ok,171.0,ok,169.0,ok
57,data/automata/random/TGBA.hoa:1453.1-1485.7,4,7,17,17,2,2,1,1,0,139.0,ok,200.0,ok,103.0,ok,65.0,ok,139.0,ok,180.0,ok,139.0,ok
58,data/automata/random/TGBA.hoa:1486.1-1510.7,4,5,11,11,2,1,0,0,0,26.0,ok,26.0,ok,20.0,ok,23.0,ok,26.0,ok,26.0,ok,26.0,ok
59,data/automata/random/TGBA.hoa:1511.1-1541.7,4,7,15,15,2,2,1,1,0,116.0,ok,133.0,ok,88.0,ok,70.0,ok,110.0,ok,131.0,ok,116.0,ok
60,data/automata/random/TGBA.hoa:1542.1-1563.7,4,5,8,8,2,1,0,0,0,23.0,ok,23.0,ok,17.0,ok,20.0,ok,23.0,ok,23.0,ok,23.0,ok
61,data/automata/random/TGBA.hoa:1564.1-1594.7,4,7,15,15,2,1,1,1,0,99.0,ok,99.0,ok,74.0,ok,74.0,ok,99.0,ok,99.0,ok,99.0,ok
62,data/automata/random/TGBA.hoa:1595.1-1628.7,4,7,18,18,2,1,1,1,0,67.0,ok,66.0,ok,50.0,ok,54.0,ok,67.0,ok,66.0,ok,67.0,ok
63,data/automata/random/TGBA.hoa:1629.1-1657.7,4,7,13,13,2,1,0,0,0,34.0,ok,34.0,ok,26.0,ok,31.0,ok,34.0,ok,34.0,ok,34.0,ok
64,data/automata/random/TGBA.hoa:1658.1-1689.7,4,7,16,16,2,2,0,0,0,36.0,ok,36.0,ok,29.0,ok,33.0,ok,36.0,ok,36.0,ok,36.0,ok
65,data/automata/random/TGBA.hoa:1690.1-1722.7,4,7,17,17,2,1,2,1,0,180.0,ok,181.0,ok,123.0,ok,77.0,ok,175.0,ok,177.0,ok,180.0,ok
66,data/automata/random/TGBA.hoa:1723.1-1755.7,4,7,17,17,2,1,1,1,0,272.0,ok,280.0,ok,212.0,ok,92.0,ok,267.0,ok,270.0,ok,272.0,ok
67,data/automata/random/TGBA.hoa:1756.1-1775.7,4,4,7,7,2,1,0,0,0,19.0,ok,19.0,ok,14.0,ok,16.0,ok,19.0,ok,19.0,ok,19.0,ok
68,data/automata/random/TGBA.hoa:1776.1-1804.7,4,7,13,13,2,1,0,0,0,38.0,ok,38.0,ok,30.0,ok,35.0,ok,38.0,ok,38.0,ok,38.0,ok
69,data/automata/random/TGBA.hoa:1805.1-1819.7,4,2,4,4,2,1,0,0,0,12.0,ok,12.0,ok,9.0,ok,9.0,ok,12.0,ok,12.0,ok,12.0,ok
70,data/automata/random/TGBA.hoa:1820.1-1845.7,4,6,11,11,2,1,0,0,0,33.0,ok,33.0,ok,26.0,ok,30.0,ok,33.0,ok,33.0,ok,33.0,ok
71,data/automata/random/TGBA.hoa:1846.1-1869.7,4,6,9,9,2,1,0,0,0,34.0,ok,33.0,ok,27.0,ok,31.0,ok,20.0,ok,33.0,ok,34.0,ok
72,data/automata/random/TGBA.hoa:1870.1-1897.7,4,6,13,13,2,1,0,0,0,35.0,ok,34.0,ok,28.0,ok,32.0,ok,34.0,ok,34.0,ok,35.0,ok
73,data/automata/random/TGBA.hoa:1898.1-1926.7,4,7,13,13,2,2,0,0,0,25.0,ok,25.0,ok,22.0,ok,22.0,ok,25.0,ok,25.0,ok,25.0,ok
74,data/automata/random/TGBA.hoa:1927.1-1942.7,4,3,4,4,2,1,1,1,0,37.0,ok,42.0,ok,30.0,ok,19.0,ok,36.0,ok,40.0,ok,37.0,ok
75,data/automata/random/TGBA.hoa:1943.1-1972.7,4,7,14,14,2,1,0,0,0,38.0,ok,38.0,ok,30.0,ok,35.0,ok,38.0,ok,38.0,ok,38.0,ok
76,data/automata/random/TGBA.hoa:1973.1-2005.7,4,7,17,17,2,1,0,0,0,31.0,ok,31.0,ok,23.0,ok,28.0,ok,31.0,ok,31.0,ok,31.0,ok
77,data/automata/random/TGBA.hoa:2006.1-2029.7,4,5,10,10,2,1,0,0,0,26.0,ok,26.0,ok,20.0,ok,23.0,ok,26.0,ok,26.0,ok,26.0,ok
78,data/automata/random/TGBA.hoa:2030.1-2050.7,4,4,8,8,2,2,0,0,0,23.0,ok,24.0,ok,19.0,ok,19.0,ok,23.0,ok,24.0,ok,23.0,ok
79,data/automata/random/TGBA.hoa:2051.1-2065.7,4,2,4,4,2,1,0,0,0,12.0,ok,11.0,ok,9.0,ok,9.0,ok,12.0,ok,11.0,ok,12.0,ok
80,data/automata/random/TGBA.hoa:2066.1-2088.7,4,5,9,9,2,2,0,0,0,24.0,ok,24.0,ok,19.0,ok,21.0,ok,24.0,ok,24.0,ok,24.0,ok
81,data/automata/random/TGBA.hoa:2089.1-2119.7,4,7,15,15,2,1,2,1,0,160.0,ok,168.0,ok,122.0,ok,67.0,ok,160.0,ok,163.0,ok,160.0,ok
82,data/automata/random/TGBA.hoa:2120.1-2140.7,4,4,8,8,2,2,1,1,0,36.0,ok,36.0,ok,31.0,ok,31.0,ok,36.0,ok,36.0,ok,36.0,ok
83,data/automata/random/TGBA.hoa:2141.1-2170.7,4,6,15,15,2,1,0,0,0,35.0,ok,35.0,ok,28.0,ok,32.0,ok,35.0,ok,35.0,ok,35.0,ok
84,data/automata/random/TGBA.hoa:2171.1-2195.7,4,5,11,11,2,1,0,0,0,26.0,ok,26.0,ok,20.0,ok,23.0,ok,26.0,ok,26.0,ok,26.0,ok
85,data/automata/random/TGBA.hoa:2196.1-2214.7,4,4,6,6,2,1,0,0,0,22.0,ok,21.0,ok,17.0,ok,19.0,ok,14.0,ok,21.0,ok,22.0,ok
86,data/automata/random/TGBA.hoa:2215.1-2238.7,4,5,10,10,2,2,0,0,0,30.0,ok,30.0,ok,24.0,ok,27.0,ok,30.0,ok,30.0,ok,30.0,ok
87,data/automata/random/TGBA.hoa:2239.1-2264.7,4,6,11,11,2,1,1,1,0,120.0,ok,169.0,ok,85.0,ok,49.0,ok,120.0,ok,149.0,ok,120.0,ok
88,data/automata/random/TGBA.hoa:2265.1-2289.7,2,5,11,11,3,1,2,1,0,136.0,ok,154.0,ok,123.0,ok,47.0,ok,136.0,ok,153.0,ok,136.0,ok
89,data/automata/random/TGBA.hoa:2290.1-2311.7,2,5,8,8,3,2,2,1,0,81.0,ok,102.0,ok,71.0,ok,45.0,ok,74.0,ok,97.0,ok,81.0,ok
90,data/automata/random/TGBA.hoa:2312.1-2326.7,2,2,4,4,3,1,1,1,0,46.0,ok,52.0,ok,40.0,ok,20.0,ok,21.0,ok,51.0,ok,46.0,ok
91,data/automata/random/TGBA.hoa:2327.1-2359.7,2,7,17,17,3,2,3,1,0,725.0,ok,850.0,ok,624.0,ok,163.0,ok,378.0,ok,809.0,ok,722.0,ok
92,data/automata/random/TGBA.hoa:2360.1-2390.7,2,7,15,15,3,1,1,1,0,232.0,ok,227.0,ok,184.0,ok,83.0,ok,173.0,ok,222.0,ok,232.0,ok
93,data/automata/random/TGBA.hoa:2391.1-2425.7,2,7,19,19,3,2,4,1,0,371.0,ok,443.0,ok,312.0,ok,73.0,ok,365.0,ok,423.0,ok,371.0,ok
94,data/automata/random/TGBA.hoa:2426.1-2454.7,2,6,14,14,3,1,2,1,0,386.0,ok,602.0,ok,333.0,ok,138.0,ok,169.0,ok,570.0,ok,386.0,ok
95,data/automata/random/TGBA.hoa:2455.1-2470.7,2,3,4,4,3,1,0,0,0,24.0,ok,22.0,ok,20.0,ok,19.0,ok,16.0,ok,22.0,ok,24.0,ok
96,data/automata/random/TGBA.hoa:2471.1-2504.7,2,7,18,18,3,1,3,1,0,256.0,ok,266.0,ok,224.0,ok,90.0,ok,256.0,ok,264.0,ok,256.0,ok
97,data/automata/random/TGBA.hoa:2505.1-2536.7,2,7,16,16,3,1,3,1,0,264.0,ok,347.0,ok,219.0,ok,69.0,ok,215.0,ok,341.0,ok,264.0,ok
98,data/automata/random/TGBA.hoa:2537.1-2551.7,2,2,4,4,3,1,0,0,0,21.0,ok,21.0,ok,18.0,ok,16.0,ok,15.0,ok,21.0,ok,21.0,ok
99,data/automata/random/TGBA.hoa:2552.1-2571.7,2,4,7,7,3,1,0,0,0,35.0,ok,34.0,ok,30.0,ok,30.0,ok,33.0,ok,34.0,ok,35.0,ok
100,data/automata/random/TGBA.hoa:2572.1-2599.7,2,6,13,13,3,1,1,1,0,187.0,ok,195.0,ok,157.0,ok,53.0,ok,103.0,ok,194.0,ok,187.0,ok
101,data/automata/random/TGBA.hoa:2600.1-2632.7,2,7,17,17,3,1,3,1,0,865.0,ok,887.0,ok,705.0,ok,208.0,ok,793.0,ok,871.0,ok,860.0,ok
102,data/automata/random/TGBA.hoa:2633.1-2667.7,2,7,19,19,3,3,2,1,0,4667.0,ok,6229.0,ok,3567.0,ok,956.0,ok,4515.0,ok,5651.0,ok,4358.0,ok
103,data/automata/random/TGBA.hoa:2668.1-2680.7,2,2,2,2,3,1,0,0,0,16.0,ok,14.0,ok,13.0,ok,11.0,ok,8.0,ok,14.0,ok,16.0,ok
104,data/automata/random/TGBA.hoa:2681.1-2704.7,2,5,10,10,3,1,1,1,0,285.0,ok,287.0,ok,231.0,ok,63.0,ok,285.0,ok,284.0,ok,285.0,ok
105,data/automata/random/TGBA.hoa:2705.1-2730.7,2,6,11,11,3,1,1,1,0,305.0,ok,304.0,ok,232.0,ok,118.0,ok,305.0,ok,301.0,ok,305.0,ok
106,data/automata/random/TGBA.hoa:2731.1-2760.7,2,7,14,14,3,1,3,1,0,463.0,ok,575.0,ok,403.0,ok,120.0,ok,357.0,ok,540.0,ok,463.0,ok
107,data/automata/random/TGBA.hoa:2761.1-2779.7,2,4,6,6,3,1,0,0,0,31.0,ok,29.0,ok,26.0,ok,26.0,ok,27.0,ok,29.0,ok,31.0,ok
108,data/automata/random/TGBA.hoa:2780.1-2813.7,2,7,18,18,3,2,2,1,0,430.0,ok,461.0,ok,358.0,ok,82.0,ok,301.0,ok,452.0,ok,430.0,ok
109,data/automata/random/TGBA.hoa:2814.1-2837.7,2,5,10,10,3,1,2,1,0,171.0,ok,216.0,ok,155.0,ok,68.0,ok,156.0,ok,215.0,ok,171.0,ok
110,data/automata/random/TGBA.hoa:2838.1-2870.7,3,7,17,17,3,1,1,1,0,186.0,ok,186.0,ok,149.0,ok,97.0,ok,152.0,ok,186.0,ok,186.0,ok
111,data/automata/random/TGBA.hoa:2871.1-2895.7,3,5,11,11,3,2,0,0,0,37.0,ok,37.0,ok,32.0,ok,32.0,ok,17.0,ok,37.0,ok,37.0,ok
112,data/automata/random/TGBA.hoa:2896.1-2926.7,3,7,15,15,3,1,2,1,0,298.0,ok,319.0,ok,253.0,ok,74.0,ok,298.0,ok,316.0,ok,298.0,ok
113,data/automata/random/TGBA.hoa:2927.1-2957.7,3,7,15,15,3,1,1,1,0,329.0,ok,369.0,ok,286.0,ok,89.0,ok,329.0,ok,364.0,ok,329.0,ok
114,data/automata/random/TGBA.hoa:2958.1-2991.7,3,7,18,18,3,1,1,1,0,556.0,ok,722.0,ok,491.0,ok,120.0,ok,556.0,ok,684.0,ok,556.0,ok
115,data/automata/random/TGBA.hoa:2992.1-3020.7,3,7,13,13,3,3,1,1,0,90.0,ok,97.0,ok,77.0,ok,51.0,ok,100.0,ok,97.0,ok,90.0,ok
116,data/automata/random/TGBA.hoa:3021.1-3052.7,3,7,16,16,3,2,1,1,0,460.0,ok,532.0,ok,414.0,ok,113.0,ok,460.0,ok,509.0,ok,460.0,ok
117,data/automata/random/TGBA.hoa:3053.1-3085.7,3,7,17,17,3,2,1,1,0,301.0,ok,295.0,ok,208.0,ok,78.0,ok,223.0,ok,274.0,ok,289.0,ok
118,data/automata/random/TGBA.hoa:3086.1-3118.7,3,7,17,17,3,1,3,1,0,748.0,ok,891.0,ok,578.0,ok,150.0,ok,737.0,ok,821.0,ok,740.0,ok
119,data/automata/random/TGBA.hoa:3119.1-3147.7,3,7,13,13,3,1,0,0,0,46.0,ok,46.0,ok,38.0,ok,41.0,ok,46.0,ok,46.0,ok,46.0,ok
120,data/automata/random/TGBA.hoa:3148.1-3173.7,3,6,11,11,3,1,1,1,0,196.0,ok,216.0,ok,166.0,ok,78.0,ok,196.0,ok,214.0,ok,196.0,ok
121,data/automata/random/TGBA.hoa:3174.1-3201.7,3,6,13,13,3,1,1,1,0,146.0,ok,146.0,ok,120.0,ok,77.0,ok,146.0,ok,146.0,ok,146.0,ok
122,data/automata/random/TGBA.hoa:3202.1-3231.7,3,7,14,14,3,1,1,1,0,555.0,ok,594.0,ok,434.0,ok,145.0,ok,553.0,ok,522.0,ok,529.0,ok
123,data/automata/random/TGBA.hoa:3232.1-3264.7,3,7,17,17,3,1,4,1,0,432.0,ok,480.0,ok,374.0,ok,92.0,ok,432.0,ok,467.0,ok,432.0,ok
124,data/automata/random/TGBA.hoa:3265.1-3288.7,3,5,10,10,3,1,1,1,0,309.0,ok,320.0,ok,270.0,ok,79.0,ok,162.0,ok,314.0,ok,309.0,ok
125,data/automata/random/TGBA.hoa:3289.1-3309.7,3,4,8,8,3,1,2,1,0,118.0,ok,134.0,ok,103.0,ok,35.0,ok,96.0,ok,133.0,ok,118.0,ok
126,data/automata/random/TGBA.hoa:3310.1-3332.7,3,5,9,9,3,1,0,0,0,32.0,ok,30.0,ok,26.0,ok,27.0,ok,20.0,ok,30.0,ok,32.0,ok
127,data/automata/random/TGBA.hoa:3333.1-3363.7,3,7,15,15,3,1,1,1,0,259.0,ok,251.0,ok,218.0,ok,104.0,ok,248.0,ok,251.0,ok,259.0,ok
128,data/automata/random/TGBA.hoa:3364.1-3388.7,3,5,11,11,3,1,0,0,0,40.0,ok,40.0,ok,34.0,ok,35.0,ok,40.0,ok,40.0,ok,40.0,ok
129,data/automata/random/TGBA.hoa:3389.1-3407.7,3,4,6,6,3,1,0,0,0,34.0,ok,32.0,ok,29.0,ok,29.0,ok,14.0,ok,32.0,ok,34.0,ok
130,data/automata/random/TGBA.hoa:3408.1-3431.7,3,5,10,10,3,1,0,0,0,31.0,ok,31.0,ok,25.0,ok,26.0,ok,31.0,ok,31.0,ok,31.0,ok
131,data/automata/random/TGBA.hoa:3432.1-3451.7,3,4,7,7,3,3,0,0,0,32.0,ok,30.0,ok,27.0,ok,14.0,ok,26.0,ok,30.0,ok,32.0,ok
132,data/automata/random/TGBA.hoa:3452.1-3477.7,3,6,11,11,3,1,1,1,0,80.0,ok,84.0,ok,66.0,ok,43.0,ok,80.0,ok,84.0,ok,80.0,ok
133,data/automata/random/TGBA.hoa:3478.1-3500.7,4,5,9,9,3,1,1,1,0,59.0,ok,63.0,ok,48.0,ok,39.0,ok,59.0,ok,63.0,ok,59.0,ok
134,data/automata/random/TGBA.hoa:3501.1-3526.7,4,6,11,11,3,2,0,0,0,35.0,ok,34.0,ok,29.0,ok,30.0,ok,35.0,ok,34.0,ok,35.0,ok
135,data/automata/random/TGBA.hoa:3527.1-3555.7,4,7,13,13,3,1,1,1,0,185.0,ok,188.0,ok,152.0,ok,82.0,ok,145.0,ok,186.0,ok,185.0,ok
136,data/automata/random/TGBA.hoa:3556.1-3585.7,4,6,15,15,3,1,1,1,0,262.0,ok,270.0,ok,216.0,ok,104.0,ok,262.0,ok,267.0,ok,262.0,ok
137,data/automata/random/TGBA.hoa:3586.1-3607.7,4,5,8,8,3,1,0,0,0,32.0,ok,32.0,ok,26.0,ok,27.0,ok,32.0,ok,32.0,ok,32.0,ok
138,data/automata/random/TGBA.hoa:3608.1-3633.7,4,6,11,11,3,1,1,1,0,124.0,ok,121.0,ok,101.0,ok,72.0,ok,158.0,ok,121.0,ok,124.0,ok
139,data/automata/random/TGBA.hoa:3634.1-3665.7,4,7,16,16,3,1,1,1,0,315.0,ok,333.0,ok,274.0,ok,110.0,ok,315.0,ok,331.0,ok,315.0,ok
140,data/automata/random/TGBA.hoa:3666.1-3697.7,4,7,16,16,3,1,1,1,0,218.0,ok,238.0,ok,188.0,ok,68.0,ok,218.0,ok,234.0,ok,218.0,ok
141,data/automata/random/TGBA.hoa:3698.1-3730.7,4,7,17,17,3,2,1,1,0,85.0,ok,106.0,ok,68.0,ok,72.0,ok,85.0,ok,101.0,ok,85.0,ok
142,data/automata/random/TGBA.hoa:3731.1-3751.7,4,4,8,8,3,1,0,0,0,34.0,ok,34.0,ok,29.0,ok,29.0,ok,34.0,ok,34.0,ok,34.0,ok
143,data/automata/random/TGBA.hoa:3752.1-3776.7,4,5,11,11,3,1,0,0,0,42.0,ok,42.0,ok,36.0,ok,37.0,ok,42.0,ok,42.0,ok,42.0,ok
144,data/automata/random/TGBA.hoa:3777.1-3803.7,4,6,12,12,3,1,1,1,0,353.0,ok,364.0,ok,293.0,ok,96.0,ok,353.0,ok,362.0,ok,353.0,ok
145,data/automata/random/TGBA.hoa:3804.1-3834.7,4,7,15,15,3,1,0,0,0,54.0,ok,54.0,ok,46.0,ok,49.0,ok,54.0,ok,54.0,ok,54.0,ok
146,data/automata/random/TGBA.hoa:3835.1-3852.7,4,4,5,5,3,1,0,0,0,28.0,ok,27.0,ok,23.0,ok,23.0,ok,18.0,ok,27.0,ok,28.0,ok
147,data/automata/random/TGBA.hoa:3853.1-3880.7,4,6,13,13,3,1,0,0,0,41.0,ok,40.0,ok,34.0,ok,36.0,ok,37.0,ok,40.0,ok,41.0,ok
148,data/automata/random/TGBA.hoa:3881.1-3907.7,4,6,12,12,3,2,1,1,0,82.0,ok,82.0,ok,63.0,ok,65.0,ok,57.0,ok,82.0,ok,82.0,ok
149,data/automata/random/TGBA.hoa:3908.1-3926.7,4,3,7,7,3,1,0,0,0,24.0,ok,24.0,ok,20.0,ok,19.0,ok,20.0,ok,24.0,ok,24.0,ok
150,data/automata/random/TGBA.hoa:3927.1-3949.7,4,5,9,9,3,1,0,0,0,33.0,ok,32.0,ok,27.0,ok,28.0,ok,33.0,ok,32.0,ok,33.0,ok
151,data/automata/random/TGBA.hoa:3950.1-3973.7,4,5,10,10,3,1,0,0,0,38.0,ok,38.0,ok,32.0,ok,33.0,ok,38.0,ok,38.0,ok,38.0,ok
152,data/automata/random/TGBA.hoa:3974.1-4007.7,4,7,18,18,3,1,1,1,0,173.0,ok,173.0,ok,144.0,ok,92.0,ok,110.0,ok,173.0,ok,173.0,ok
153,data/automata/random/TGBA.hoa:4008.1-4030.7,4,5,9,9,3,1,0,0,0,36.0,ok,35.0,ok,30.0,ok,31.0,ok,30.0,ok,35.0,ok,36.0,ok
154,data/automata/random/TGBA.hoa:4031.1-4060.7,4,7,14,14,3,1,1,1,0,174.0,ok,198.0,ok,152.0,ok,57.0,ok,80.0,ok,193.0,ok,174.0,ok
155,data/automata/random/TGBA.hoa:4061.1-4088.7,4,6,13,13,3,1,0,0,0,49.0,ok,48.0,ok,42.0,ok,44.0,ok,45.0,ok,48.0,ok,49.0,ok
156,data/automata/random/TGBA.hoa:4089.1-4122.7,4,7,18,18,3,1,1,1,0,279.0,ok,280.0,ok,222.0,ok,105.0,ok,279.0,ok,279.0,ok,279.0,ok
157,data/automata/random/TGBA.hoa:4123.1-4149.7,4,6,12,12,3,1,2,1,0,240.0,ok,244.0,ok,196.0,ok,82.0,ok,215.0,ok,242.0,ok,240.0,ok
158,data/automata/random/TGBA.hoa:4150.1-4173.7,4,5,10,10,3,1,0,0,0,34.0,ok,34.0,ok,28.0,ok,29.0,ok,30.0,ok,34.0,ok,34.0,ok
159,data/automata/random/TGBA.hoa:4174.1-4200.7,4,5,13,13,3,1,1,1,0,148.0,ok,153.0,ok,115.0,ok,53.0,ok,148.0,ok,149.0,ok,148.0,ok
160,data/automata/random/TGBA.hoa:4201.1-4225.7,4,5,11,11,3,1,0,0,0,38.0,ok,38.0,ok,32.0,ok,33.0,ok,38.0,ok,38.0,ok,38.0,ok
161,data/automata/random/TGBA.hoa:4226.1-4258.7,2,7,17,17,4,1,2,1,0,804.0,ok,939.0,ok,695.0,ok,186.0,ok,515.0,ok,901.0,ok,791.0,ok
162,data/automata/random/TGBA.hoa:4259.1-4283.7,2,5,11,11,4,1,1,1,0,268.0,ok,275.0,ok,237.0,ok,96.0,ok,230.0,ok,275.0,ok,268.0,ok
163,data/automata/random/TGBA.hoa:4284.1-4314.7,2,7,15,15,4,1,3,1,0,320.0,ok,347.0,ok,269.0,ok,88.0,ok,228.0,ok,343.0,ok,320.0,ok
164,data/automata/random/TGBA.hoa:4315.1-4336.7,2,5,8,8,4,1,0,0,0,39.0,ok,38.0,ok,33.0,ok,32.0,ok,38.0,ok,38.0,ok,39.0,ok
165,data/automata/random/TGBA.hoa:4337.1-4367.7,2,7,15,15,4,1,2,1,0,1767.0,ok,2067.0,ok,1516.0,ok,310.0,ok,1767.0,ok,1966.0,ok,1695.0,ok
166,data/automata/random/TGBA.hoa:4368.1-4401.7,2,7,18,18,4,1,1,1,0,1787.0,ok,1959.0,ok,1527.0,ok,342.0,ok,1787.0,ok,1842.0,ok,1755.0,ok
167,data/automata/random/TGBA.hoa:4402.1-4430.7,2,7,13,13,4,2,1,1,0,352.0,ok,370.0,ok,300.0,ok,92.0,ok,368.0,ok,359.0,ok,351.0,ok
168,data/automata/random/TGBA.hoa:4431.1-4447.7,2,3,5,5,4,1,1,1,0,158.0,ok,171.0,ok,141.0,ok,52.0,ok,41.0,ok,171.0,ok,158.0,ok
169,data/automata/random/TGBA.hoa:4448.1-4479.7,2,7,16,16,4,2,2,1,0,5768.0,ok,6528.0,ok,4656.0,ok,907.0,ok,5768.0,ok,6306.0,ok,5369.0,ok
170,data/automata/random/TGBA.hoa:4480.1-4512.7,2,7,17,17,4,1,3,1,0,1129.0,ok,1262.0,ok,957.0,ok,204.0,ok,564.0,ok,1168.0,ok,1094.0,ok
171,data/automata/random/TGBA.hoa:4513.1-4527.7,2,2,4,4,4,1,1,1,0,130.0,ok,150.0,ok,118.0,ok,28.0,ok,48.0,ok,142.0,ok,130.0,ok
172,data/automata/random/TGBA.hoa:4528.1-4555.7,2,6,13,13,4,1,0,0,0,63.0,ok,62.0,ok,56.0,ok,56.0,ok,61.0,ok,62.0,ok,63.0,ok
173,data/automata/random/TGBA.hoa:4556.1-4584.7,2,7,13,13,4,2,2,1,0,505.0,ok,516.0,ok,424.0,ok,94.0,ok,440.0,ok,508.0,ok,505.0,ok
174,data/automata/random/TGBA.hoa:4585.1-4614.7,2,7,14,14,4,2,2,1,0,113.0,ok,137.0,ok,99.0,ok,48.0,ok,106.0,ok,134.0,ok,113.0,ok
175,data/automata/random/TGBA.hoa:4615.1-4638.7,2,5,10,10,4,1,2,1,0,249.0,ok,301.0,ok,203.0,ok,84.0,ok,143.0,ok,292.0,ok,249.0,ok
176,data/automata/random/TGBA.hoa:4639.1-4661.7,2,5,9,9,4,1,1,1,0,239.0,ok,250.0,ok,208.0,ok,84.0,ok,118.0,ok,247.0,ok,239.0,ok
177,data/automata/random/TGBA.hoa:4662.1-4692.7,2,7,15,15,4,2,2,1,0,316.0,ok,314.0,ok,276.0,ok,93.0,ok,298.0,ok,313.0,ok,316.0,ok
178,data/automata/random/TGBA.hoa:4693.1-4713.7,2,4,8,8,4,1,2,1,0,294.0,ok,362.0,ok,281.0,ok,63.0,ok,174.0,ok,350.0,ok,294.0,ok
179,data/automata/random/TGBA.hoa:4714.1-4743.7,2,6,15,15,4,1,3,1,0,2346.0,ok,2501.0,ok,2153.0,ok,472.0,ok,1101.0,ok,2452.0,ok,2333.0,ok
180,data/automata/random/TGBA.hoa:4744.1-4768.7,2,5,11,11,4,1,4,1,0,190.0,ok,221.0,ok,181.0,ok,59.0,ok,261.0,ok,219.0,ok,190.0,ok
181,data/automata/random/TGBA.hoa:4769.1-4787.7,2,4,6,6,4,1,0,0,0,41.0,ok,37.0,ok,36.0,ok,34.0,ok,22.0,ok,37.0,ok,41.0,ok
182,data/automata/random/TGBA.hoa:4788.1-4811.7,2,5,10,10,4,2,0,0,0,38.0,ok,38.0,ok,33.0,ok,31.0,ok,38.0,ok,38.0,ok,38.0,ok
183,data/automata/random/TGBA.hoa:4812.1-4837.7,3,6,11,11,4,2,1,1,0,146.0,ok,154.0,ok,128.0,ok,52.0,ok,146.0,ok,153.0,ok,146.0,ok
184,data/automata/random/TGBA.hoa:4838.1-4866.7,3,7,13,13,4,1,0,0,0,60.0,ok,59.0,ok,52.0,ok,53.0,ok,36.0,ok,59.0,ok,60.0,ok
185,data/automata/random/TGBA.hoa:4867.1-4898.7,3,7,16,16,4,1,2,1,0,497.0,ok,533.0,ok,451.0,ok,93.0,ok,254.0,ok,523.0,ok,497.0,ok
186,data/automata/random/TGBA.hoa:4899.1-4928.7,3,6,15,15,4,1,1,1,0,211.0,ok,211.0,ok,180.0,ok,86.0,ok,211.0,ok,211.0,ok,211.0,ok
187,data/automata/random/TGBA.hoa:4929.1-4954.7,3,6,11,11,4,1,1,1,0,220.0,ok,235.0,ok,196.0,ok,95.0,ok,220.0,ok,232.0,ok,220.0,ok
188,data/automata/random/TGBA.hoa:4955.1-4986.7,3,7,16,16,4,1,2,1,0,493.0,ok,641.0,ok,461.0,ok,123.0,ok,453.0,ok,611.0,ok,493.0,ok
189,data/automata/random/TGBA.hoa:4987.1-5018.7,3,7,16,16,4,1,2,1,0,570.0,ok,604.0,ok,503.0,ok,125.0,ok,570.0,ok,585.0,ok,570.0,ok
190,data/automata/random/TGBA.hoa:5019.1-5051.7,3,7,17,17,4,1,2,1,0,493.0,ok,508.0,ok,443.0,ok,136.0,ok,479.0,ok,505.0,ok,493.0,ok
191,data/automata/random/TGBA.hoa:5052.1-5082.7,3,7,15,15,4,1,0,0,0,62.0,ok,61.0,ok,54.0,ok,55.0,ok,60.0,ok,61.0,ok,62.0,ok
192,data/automata/random/TGBA.hoa:5083.1-5104.7,3,4,9,9,4,3,1,1,0,41.0,ok,40.0,ok,36.0,ok,22.0,ok,35.0,ok,40.0,ok,41.0,ok
193,data/automata/random/TGBA.hoa:5105.1-5134.7,3,7,14,14,4,1,1,1,0,419.0,ok,441.0,ok,367.0,ok,101.0,ok,419.0,ok,433.0,ok,419.0,ok
194,data/automata/random/TGBA.hoa:5135.1-5161.7,3,6,12,12,4,1,1,1,0,444.0,ok,503.0,ok,401.0,ok,106.0,ok,420.0,ok,485.0,ok,444.0,ok
195,data/automata/random/TGBA.hoa:5162.1-5182.7,3,4,8,8,4,1,1,1,0,98.0,ok,95.0,ok,81.0,ok,49.0,ok,83.0,ok,95.0,ok,98.0,ok
196,data/automata/random/TGBA.hoa:5183.1-5205.7,3,5,9,9,4,1,1,1,0,231.0,ok,247.0,ok,205.0,ok,58.0,ok,231.0,ok,243.0,ok,231.0,ok
197,data/automata/random/TGBA.hoa:5206.1-5229.7,3,5,10,10,4,3,0,0,0,50.0,ok,52.0,ok,47.0,ok,26.0,ok,49.0,ok,52.0,ok,50.0,ok
198,data/automata/random/TGBA.hoa:5230.1-5263.7,3,7,18,18,4,1,4,1,0,508.0,ok,539.0,ok,455.0,ok,116.0,ok,407.0,ok,529.0,ok,508.0,ok
199,data/automata/random/TGBA.hoa:5264.1-5293.7,3,7,14,14,4,1,1,1,0,427.0,ok,458.0,ok,386.0,ok,120.0,ok,350.0,ok,454.0,ok,427.0,ok
200,data/automata/random/TGBA.hoa:5294.1-5314.7,3,4,8,8,4,1,0,0,0,43.0,ok,42.0,ok,38.0,ok,36.0,ok,41.0,ok,42.0,ok,43.0,ok
201,data/automata/random/TGBA.hoa:5315.1-5342.7,3,6,13,13,4,1,3,1,0,457.0,ok,584.0,ok,427.0,ok,97.0,ok,431.0,ok,553.0,ok,457.0,ok
202,data/automata/random/TGBA.hoa:5343.1-5376.7,3,7,18,18,4,1,2,1,0,856.0,ok,882.0,ok,736.0,ok,214.0,ok,407.0,ok,857.0,ok,855.0,ok
203,data/automata/random/TGBA.hoa:5377.1-5400.7,3,5,10,10,4,1,1,1,0,169.0,ok,160.0,ok,144.0,ok,90.0,ok,71.0,ok,160.0,ok,169.0,ok
204,data/automata/random/TGBA.hoa:5401.1-5427.7,3,5,13,13,4,1,2,1,0,281.0,ok,285.0,ok,232.0,ok,87.0,ok,133.0,ok,281.0,ok,281.0,ok
205,data/automata/random/TGBA.hoa:5428.1-5461.7,3,7,18,18,4,1,2,1,0,530.0,ok,566.0,ok,487.0,ok,120.0,ok,471.0,ok,556.0,ok,530.0,ok
206,data/automata/random/TGBA.hoa:5462.1-5496.7,4,7,19,19,4,1,3,1,0,589.0,ok,773.0,ok,556.0,ok,120.0,ok,561.0,ok,726.0,ok,589.0,ok
207,data/automata/random/TGBA.hoa:5497.1-5516.7,4,4,7,7,4,3,0,0,0,31.0,ok,31.0,ok,27.0,ok,19.0,ok,31.0,ok,31.0,ok,31.0,ok
208,data/automata/random/TGBA.hoa:5517.1-5543.7,4,6,12,12,4,1,2,1,0,230.0,ok,246.0,ok,199.0,ok,57.0,ok,216.0,ok,244.0,ok,230.0,ok
209,data/automata/random/TGBA.hoa:5544.1-5564.7,4,4,8,8,4,1,0,0,0,39.0,ok,37.0,ok,34.0,ok,32.0,ok,37.0,ok,37.0,ok,39.0,ok
210,data/automata/random/TGBA.hoa:5565.1-5596.7,4,7,16,16,4,2,0,0,0,59.0,ok,59.0,ok,52.0,ok,52.0,ok,59.0,ok,59.0,ok,59.0,ok
211,data/automata/random/TGBA.hoa:5597.1-5624.7,4,6,13,13,4,1,1,1,0,310.0,ok,361.0,ok,293.0,ok,75.0,ok,231.0,ok,357.0,ok,310.0,ok
212,data/automata/random/TGBA.hoa:5625.1-5659.7,4,7,19,19,4,2,2,1,0,490.0,ok,499.0,ok,426.0,ok,134.0,ok,490.0,ok,496.0,ok,490.0,ok
213,data/automata/random/TGBA.hoa:5660.1-5692.7,4,7,17,17,4,1,0,0,0,72.0,ok,70.0,ok,64.0,ok,65.0,ok,56.0,ok,70.0,ok,72.0,ok
214,data/automata/random/TGBA.hoa:5693.1-5720.7,4,6,13,13,4,1,0,0,0,61.0,ok,61.0,ok,54.0,ok,54.0,ok,55.0,ok,61.0,ok,61.0,ok
215,data/automata/random/TGBA.hoa:5721.1-5753.7,4,7,17,17,4,2,1,1,0,724.0,ok,800.0,ok,641.0,ok,183.0,ok,698.0,ok,793.0,ok,724.0,ok
216,data/automata/random/TGBA.hoa:5754.1-5785.7,4,7,16,16,4,1,0,0,0,69.0,ok,67.0,ok,61.0,ok,62.0,ok,65.0,ok,67.0,ok,69.0,ok
217,data/automata/random/TGBA.hoa:5786.1-5809.7,4,6,9,9,4,1,0,0,0,41.0,ok,38.0,ok,34.0,ok,34.0,ok,25.0,ok,38.0,ok,41.0,ok
218,data/automata/random/TGBA.hoa:5810.1-5835.7,4,5,12,12,4,1,1,1,0,289.0,ok,329.0,ok,270.0,ok,86.0,ok,289.0,ok,325.0,ok,289.0,ok
219,data/automata/random/TGBA.hoa:5836.1-5859.7,4,5,10,10,4,1,0,0,0,54.0,ok,54.0,ok,48.0,ok,47.0,ok,42.0,ok,54.0,ok,54.0,ok
220,data/automata/random/TGBA.hoa:5860.1-5893.7,4,7,18,18,4,1,1,1,0,688.0,ok,707.0,ok,605.0,ok,152.0,ok,640.0,ok,696.0,ok,688.0,ok
221,data/automata/random/TGBA.hoa:5894.1-5922.7,4,6,14,14,4,1,1,1,0,241.0,ok,257.0,ok,212.0,ok,57.0,ok,227.0,ok,254.0,ok,241.0,ok
222,data/automata/random/TGBA.hoa:5923.1-5958.7,4,7,20,20,4,2,1,1,0,119.0,ok,119.0,ok,106.0,ok,100.0,ok,115.0,ok,119.0,ok,119.0,ok
223,data/automata/random/TGBA.hoa:5959.1-5982.7,4,6,9,9,4,5,0,0,0,50.0,ok,51.0,ok,45.0,ok,21.0,ok,40.0,ok,51.0,ok,50.0,ok
224,data/automata/random/TGBA.hoa:5983.1-6017.7,4,7,19,19,4,2,1,1,0,339.0,ok,359.0,ok,298.0,ok,74.0,ok,339.0,ok,356.0,ok,339.0,ok
225,data/automata/random/TGBA.hoa:6018.1-6050.7,4,7,17,17,4,1,2,1,0,569.0,ok,583.0,ok,495.0,ok,146.0,ok,548.0,ok,577.0,ok,569.0,ok
226,data/automata/random/TGBA.hoa:6051.1-6079.7,4,7,13,13,4,1,0,0,0,64.0,ok,62.0,ok,56.0,ok,57.0,ok,46.0,ok,62.0,ok,64.0,ok
227,data/automata/random/TGBA.hoa:6080.1-6105.7,2,6,11,11,5,1,2,1,0,431.0,ok,444.0,ok,379.0,ok,81.0,ok,283.0,ok,429.0,ok,431.0,ok
228,data/automata/random/TGBA.hoa:6106.1-6137.7,2,7,16,16,5,3,2,1,0,4420.0,ok,5993.0,ok,3796.0,ok,535.0,ok,3874.0,ok,5669.0,ok,4420.0,ok
229,data/automata/random/TGBA.hoa:6138.1-6167.7,2,6,15,15,5,1,3,1,0,627.0,ok,739.0,ok,610.0,ok,128.0,ok,627.0,ok,724.0,ok,627.0,ok
230,data/automata/random/TGBA.hoa:6168.1-6193.7,2,6,11,11,5,1,2,1,0,223.0,ok,272.0,ok,203.0,ok,69.0,ok,223.0,ok,261.0,ok,223.0,ok
231,data/automata/random/TGBA.hoa:6194.1-6227.7,2,7,18,18,5,1,3,1,0,5162.0,ok,6395.0,ok,4804.0,ok,699.0,ok,4671.0,ok,6167.0,ok,5147.0,ok
232,data/automata/random/TGBA.hoa:6228.1-6259.7,2,7,16,16,5,1,1,1,0,553.0,ok,583.0,ok,512.0,ok,166.0,ok,553.0,ok,577.0,ok,553.0,ok
233,data/automata/random/TGBA.hoa:6260.1-6291.7,2,7,16,16,5,1,1,1,0,1563.0,ok,1824.0,ok,1440.0,ok,252.0,ok,1557.0,ok,1778.0,ok,1563.0,ok
234,data/automata/random/TGBA.hoa:6292.1-6324.7,2,7,17,17,5,1,4,1,0,677.0,ok,763.0,ok,642.0,ok,100.0,ok,488.0,ok,737.0,ok,677.0,ok
235,data/automata/random/TGBA.hoa:6325.1-6345.7,2,4,8,8,5,1,0,0,0,53.0,ok,53.0,ok,48.0,ok,44.0,ok,53.0,ok,53.0,ok,53.0,ok
236,data/automata/random/TGBA.hoa:6346.1-6370.7,2,5,11,11,5,1,1,1,0,355.0,ok,358.0,ok,319.0,ok,71.0,ok,259.0,ok,356.0,ok,355.0,ok
237,data/automata/random/TGBA.hoa:6371.1-6397.7,2,6,12,12,5,1,0,0,0,59.0,ok,59.0,ok,52.0,ok,50.0,ok,59.0,ok,59.0,ok,59.0,ok
238,data/automata/random/TGBA.hoa:6398.1-6424.7,2,6,12,12,5,1,4,1,0,442.0,ok,482.0,ok,412.0,ok,86.0,ok,350.0,ok,481.0,ok,442.0,ok
239,data/automata/random/TGBA.hoa:6425.1-6455.7,2,7,15,15,5,1,3,1,0,1751.0,ok,2132.0,ok,1543.0,ok,247.0,ok,1484.0,ok,1973.0,ok,1748.0,ok
240,data/automata/random/TGBA.hoa:6456.1-6477.7,2,4,9,9,5,1,2,1,0,646.0,ok,877.0,ok,598.0,ok,105.0,ok,374.0,ok,817.0,ok,646.0,ok
241,data/automata/random/TGBA.hoa:6478.1-6505.7,2,6,13,13,5,1,1,1,0,625.0,ok,789.0,ok,574.0,ok,190.0,ok,583.0,ok,764.0,ok,625.0,ok
242,data/automata/random/TGBA.hoa:6506.1-6524.7,2,3,7,7,5,1,2,1,0,315.0,ok,353.0,ok,297.0,ok,51.0,ok,151.0,ok,343.0,ok,315.0,ok
243,data/automata/random/TGBA.hoa:6525.1-6548.7,2,5,10,10,5,1,2,1,0,624.0,ok,619.0,ok,558.0,ok,132.0,ok,323.0,ok,603.0,ok,624.0,ok
244,data/automata/random/TGBA.hoa:6549.1-6571.7,2,4,10,10,5,1,1,1,0,225.0,ok,245.0,ok,209.0,ok,79.0,ok,225.0,ok,245.0,ok,225.0,ok
245,data/automata/random/TGBA.hoa:6572.1-6605.7,2,7,18,18,5,1,2,1,0,10556.0,ok,13290.0,ok,9442.0,ok,1460.0,ok,8856.0,ok,12103.0,ok,10094.0,ok
246,data/automata/random/TGBA.hoa:6606.1-6633.7,2,6,13,13,5,1,3,1,0,1188.0,ok,1356.0,ok,1071.0,ok,162.0,ok,618.0,ok,1325.0,ok,1162.0,ok
247,data/automata/random/TGBA.hoa:6634.1-6660.7,2,6,12,12,5,2,3,1,0,644.0,ok,619.0,ok,570.0,ok,129.0,ok,140.0,ok,610.0,ok,644.0,ok
248,data/automata/random/TGBA.hoa:6661.1-6684.7,2,5,10,10,5,1,2,1,0,799.0,ok,981.0,ok,732.0,ok,140.0,ok,64.0,ok,927.0,ok,796.0,ok
249,data/automata/random/TGBA.hoa:6685.1-6718.7,2,7,18,18,5,1,2,1,0,977.0,ok,1157.0,ok,928.0,ok,140.0,ok,1034.0,ok,1113.0,ok,977.0,ok
250,data/automata/random/TGBA.hoa:6719.1-6743.7,2,5,11,11,5,1,3,1,0,230.0,ok,259.0,ok,212.0,ok,50.0,ok,172.0,ok,245.0,ok,230.0,ok
251,data/automata/random/TGBA.hoa:6744.1-6768.7,3,5,11,11,5,1,3,1,0,341.0,ok,388.0,ok,318.0,ok,62.0,ok,341.0,ok,375.0,ok,341.0,ok
252,data/automata/random/TGBA.hoa:6769.1-6803.7,3,7,19,19,5,1,1,1,0,2530.0,ok,2801.0,ok,2356.0,ok,394.0,ok,1209.0,ok,2596.0,ok,2499.0,ok
253,data/automata/random/TGBA.hoa:6804.1-6823.7,3,4,7,7,5,1,0,0,0,45.0,ok,43.0,ok,40.0,ok,36.0,ok,35.0,ok,43.0,ok,45.0,ok
254,data/automata/random/TGBA.hoa:6824.1-6850.7,3,6,12,12,5,1,0,0,0,71.0,ok,70.0,ok,64.0,ok,62.0,ok,49.0,ok,70.0,ok,71.0,ok
255,data/automata/random/TGBA.hoa:6851.1-6875.7,3,6,10,10,5,1,1,1,0,272.0,ok,303.0,ok,238.0,ok,79.0,ok,272.0,ok,298.0,ok,272.0,ok
256,data/automata/random/TGBA.hoa:6876.1-6907.7,3,7,16,16,5,2,1,1,0,396.0,ok,406.0,ok,359.0,ok,121.0,ok,390.0,ok,404.0,ok,396.0,ok
257,data/automata/random/TGBA.hoa:6908.1-6935.7,3,6,13,13,5,2,2,1,0,411.0,ok,427.0,ok,368.0,ok,91.0,ok,349.0,ok,421.0,ok,411.0,ok
258,data/automata/random/TGBA.hoa:6936.1-6970.7,3,7,19,19,5,1,2,1,0,1786.0,ok,2232.0,ok,1672.0,ok,292.0,ok,1206.0,ok,2150.0,ok,1786.0,ok
259,data/automata/random/TGBA.hoa:6971.1-7003.7,3,7,17,17,5,1,1,1,0,443.0,ok,448.0,ok,394.0,ok,136.0,ok,433.0,ok,447.0,ok,443.0,ok
260,data/automata/random/TGBA.hoa:7004.1-7030.7,3,6,12,12,5,1,0,0,0,70.0,ok,70.0,ok,63.0,ok,61.0,ok,70.0,ok,70.0,ok,70.0,ok
261,data/automata/random/TGBA.hoa:7031.1-7055.7,3,5,11,11,5,1,0,0,0,61.0,ok,58.0,ok,55.0,ok,52.0,ok,57.0,ok,58.0,ok,61.0,ok
262,data/automata/random/TGBA.hoa:7056.1-7083.7,3,6,13,13,5,1,2,1,0,331.0,ok,331.0,ok,300.0,ok,88.0,ok,287.0,ok,324.0,ok,331.0,ok
263,data/automata/random/TGBA.hoa:7084.1-7116.7,3,7,17,17,5,1,1,1,0,568.0,ok,601.0,ok,526.0,ok,126.0,ok,572.0,ok,592.0,ok,568.0,ok
264,data/automata/random/TGBA.hoa:7117.1-7149.7,3,7,17,17,5,1,4,1,0,712.0,ok,908.0,ok,692.0,ok,146.0,ok,712.0,ok,864.0,ok,712.0,ok
265,data/automata/random/TGBA.hoa:7150.1-7175.7,3,5,12,12,5,1,1,1,0,135.0,ok,146.0,ok,122.0,ok,58.0,ok,131.0,ok,146.0,ok,135.0,ok
266,data/automata/random/TGBA.hoa:7176.1-7209.7,3,7,18,18,5,1,3,1,0,864.0,ok,956.0,ok,817.0,ok,143.0,ok,852.0,ok,949.0,ok,864.0,ok
267,data/automata/random/TGBA.hoa:7210.1-7238.7,3,6,14,14,5,1,0,0,0,71.0,ok,70.0,ok,64.0,ok,62.0,ok,71.0,ok,70.0,ok,71.0,ok
268,data/automata/random/TGBA.hoa:7239.1-7274.7,3,7,20,20,5,1,3,1,0,1617.0,ok,2026.0,ok,1484.0,ok,272.0,ok,1663.0,ok,1926.0,ok,1617.0,ok
269,data/automata/random/TGBA.hoa:7275.1-7302.7,3,7,12,12,5,2,0,0,0,72.0,ok,72.0,ok,64.0,ok,53.0,ok,50.0,ok,72.0,ok,72.0,ok
270,data/automata/random/TGBA.hoa:7303.1-7331.7,3,7,13,13,5,1,1,1,0,233.0,ok,244.0,ok,213.0,ok,83.0,ok,148.0,ok,238.0,ok,233.0,ok
271,data/automata/random/TGBA.hoa:7332.1-7361.7,4,7,14,14,5,2,0,0,0,66.0,ok,64.0,ok,59.0,ok,57.0,ok,62.0,ok,64.0,ok,66.0,ok
272,data/automata/random/TGBA.hoa:7362.1-7391.7,4,7,14,14,5,2,1,1,0,244.0,ok,245.0,ok,213.0,ok,85.0,ok,236.0,ok,245.0,ok,244.0,ok
273,data/automata/random/TGBA.hoa:7392.1-7423.7,4,7,16,16,5,1,2,1,0,468.0,ok,496.0,ok,420.0,ok,114.0,ok,452.0,ok,488.0,ok,468.0,ok
274,data/automata/random/TGBA.hoa:7424.1-7455.7,4,7,16,16,5,2,1,1,0,410.0,ok,412.0,ok,364.0,ok,114.0,ok,221.0,ok,402.0,ok,410.0,ok
275,data/automata/random/TGBA.hoa:7456.1-7487.7,4,7,16,16,5,1,0,0,0,86.0,ok,84.0,ok,78.0,ok,77.0,ok,82.0,ok,84.0,ok,86.0,ok
276,data/automata/random/TGBA.hoa:7488.1-7514.7,4,6,12,12,5,1,0,0,0,72.0,ok,72.0,ok,65.0,ok,63.0,ok,65.0,ok,72.0,ok,72.0,ok
277,data/automata/random/TGBA.hoa:7515.1-7547.7,4,7,17,17,5,1,0,0,0,82.0,ok,81.0,ok,74.0,ok,73.0,ok,82.0,ok,81.0,ok,82.0,ok
278,data/automata/random/TGBA.hoa:7548.1-7566.7,4,4,6,6,5,2,0,0,0,41.0,ok,40.0,ok,37.0,ok,32.0,ok,41.0,ok,40.0,ok,41.0,ok
279,data/automata/random/TGBA.hoa:7567.1-7590.7,4,5,10,10,5,2,0,0,0,56.0,ok,55.0,ok,50.0,ok,35.0,ok,52.0,ok,55.0,ok,56.0,ok
280,data/automata/random/TGBA.hoa:7591.1-7625.7,4,7,19,19,5,1,3,1,0,1140.0,ok,1198.0,ok,1049.0,ok,186.0,ok,898.0,ok,1172.0,ok,1140.0,ok
281,data/automata/random/TGBA.hoa:7626.1-7653.7,4,6,13,13,5,1,1,1,0,176.0,ok,190.0,ok,163.0,ok,120.0,ok,166.0,ok,190.0,ok,176.0,ok
282,data/automata/random/TGBA.hoa:7654.1-7689.7,4,7,20,20,5,1,0,0,0,82.0,ok,81.0,ok,74.0,ok,73.0,ok,80.0,ok,81.0,ok,82.0,ok
283,data/automata/random/TGBA.hoa:7690.1-7712.7,4,5,9,9,5,1,0,0,0,58.0,ok,56.0,ok,52.0,ok,49.0,ok,36.0,ok,56.0,ok,58.0,ok
284,data/automata/random/TGBA.hoa:7713.1-7741.7,4,7,13,13,5,1,1,1,0,570.0,ok,561.0,ok,513.0,ok,151.0,ok,438.0,ok,560.0,ok,570.0,ok
285,data/automata/random/TGBA.hoa:7742.1-7774.7,4,7,17,17,5,1,0,0,0,82.0,ok,82.0,ok,74.0,ok,73.0,ok,82.0,ok,82.0,ok,82.0,ok
286,data/automata/random/TGBA.hoa:7775.1-7803.7,4,6,14,14,5,1,0,0,0,75.0,ok,75.0,ok,68.0,ok,66.0,ok,75.0,ok,75.0,ok,75.0,ok
287,data/automata/random/TGBA.hoa:7804.1-7828.7,2,5,11,11,6,1,2,1,0,1000.0,ok,1206.0,ok,953.0,ok,127.0,ok,882.0,ok,1160.0,ok,1000.0,ok
288,data/automata/random/TGBA.hoa:7829.1-7863.7,2,7,19,19,6,1,2,1,0,1137.0,ok,1146.0,ok,1053.0,ok,196.0,ok,938.0,ok,1138.0,ok,1137.0,ok
289,data/automata/random/TGBA.hoa:7864.1-7883.7,2,4,7,7,6,1,1,1,0,235.0,ok,238.0,ok,214.0,ok,56.0,ok,193.0,ok,234.0,ok,235.0,ok
290,data/automata/random/TGBA.hoa:7884.1-7915.7,2,7,16,16,6,1,2,1,0,895.0,ok,907.0,ok,789.0,ok,160.0,ok,895.0,ok,895.0,ok,889.0,ok
291,data/automata/random/TGBA.hoa:7916.1-7950.7,2,7,19,19,6,2,3,1,0,19802.0,ok,25377.0,ok,17417.0,ok,2469.0,ok,17636.0,ok,23678.0,ok,18880.0,ok
292,data/automata/random/TGBA.hoa:7951.1-7983.7,2,7,17,17,6,1,3,1,0,3382.0,ok,3829.0,ok,3008.0,ok,463.0,ok,1243.0,ok,3557.0,ok,3365.0,ok
293,data/automata/random/TGBA.hoa:7984.1-8011.7,2,6,13,13,6,4,0,0,0,68.0,ok,66.0,ok,62.0,ok,37.0,ok,62.0,ok,66.0,ok,68.0,ok
294,data/automata/random/TGBA.hoa:8012.1-8044.7,2,7,17,17,6,1,3,1,0,6807.0,ok,9153.0,ok,6260.0,ok,908.0,ok,6807.0,ok,8648.0,ok,6731.0,ok
295,data/automata/random/TGBA.hoa:8045.1-8076.7,2,7,16,16,6,1,3,1,0,1629.0,ok,1866.0,ok,1539.0,ok,233.0,ok,1644.0,ok,1817.0,ok,1629.0,ok
296,data/automata/random/TGBA.hoa:8077.1-8109.7,2,7,17,17,6,1,2,1,0,1395.0,ok,1606.0,ok,1314.0,ok,254.0,ok,1395.0,ok,1576.0,ok,1395.0,ok
297,data/automata/random/TGBA.hoa:8110.1-8135.7,2,5,12,12,6,1,2,1,0,1248.0,ok,1578.0,ok,1175.0,ok,246.0,ok,1121.0,ok,1517.0,ok,1248.0,ok
298,data/automata/random/TGBA.hoa:8136.1-8169.7,2,7,18,18,6,1,3,1,0,1665.0,ok,2229.0,ok,1590.0,ok,238.0,ok,1928.0,ok,2148.0,ok,1665.0,ok
299,data/automata/random/TGBA.hoa:8170.1-8188.7,2,4,6,6,6,1,0,0,0,59.0,ok,56.0,ok,54.0,ok,48.0,ok,37.0,ok,56.0,ok,59.0,ok
300,data/automata/random/TGBA.hoa:8189.1-8217.7,2,6,14,14,6,1,4,1,0,1324.0,ok,1606.0,ok,1232.0,ok,177.0,ok,1311.0,ok,1539.0,ok,1309.0,ok
301,data/automata/random/TGBA.hoa:8218.1-8253.7,2,7,20,20,6,1,2,1,0,6681.0,ok,8771.0,ok,6214.0,ok,928.0,ok,6681.0,ok,8393.0,ok,6616.0,ok
302,data/automata/random/TGBA.hoa:8254.1-8281.7,2,7,12,12,6,1,0,0,0,70.0,ok,68.0,ok,62.0,ok,59.0,ok,70.0,ok,68.0,ok,70.0,ok
303,data/automata/random/TGBA.hoa:8282.1-8316.7,2,7,19,19,6,1,4,1,0,6950.0,ok,10072.0,ok,6549.0,ok,850.0,ok,6309.0,ok,9405.0,ok,6946.0,ok
304,data/automata/random/TGBA.hoa:8317.1-8349.7,2,7,17,17,6,1,2,1,0,986.0,ok,1151.0,ok,924.0,ok,230.0,ok,910.0,ok,1125.0,ok,986.0,ok
305,data/automata/random/TGBA.hoa:8350.1-8381.7,2,7,16,16,6,1,4,1,0,1802.0,ok,2132.0,ok,1726.0,ok,296.0,ok,1806.0,ok,2062.0,ok,1802.0,ok
306,data/automata/random/TGBA.hoa:8382.1-8411.7,3,7,14,14,6,2,1,1,0,360.0,ok,409.0,ok,347.0,ok,85.0,ok,248.0,ok,399.0,ok,360.0,ok
307,data/automata/random/TGBA.hoa:8412.1-8441.7,3,7,14,14,6,1,1,1,0,404.0,ok,432.0,ok,382.0,ok,130.0,ok,318.0,ok,431.0,ok,404.0,ok
308,data/automata/random/TGBA.hoa:8442.1-8473.7,3,7,16,16,6,1,1,1,0,528.0,ok,522.0,ok,478.0,ok,158.0,ok,516.0,ok,522.0,ok,528.0,ok
309,data/automata/random/TGBA.hoa:8474.1-8499.7,3,6,11,11,6,1,1,1,0,344.0,ok,368.0,ok,312.0,ok,90.0,ok,268.0,ok,366.0,ok,344.0,ok
310,data/automata/random/TGBA.hoa:8500.1-8531.7,3,7,16,16,6,1,2,1,0,373.0,ok,403.0,ok,340.0,ok,108.0,ok,369.0,ok,400.0,ok,373.0,ok
311,data/automata/random/TGBA.hoa:8532.1-8563.7,3,7,16,16,6,1,0,0,0,90.0,ok,88.0,ok,82.0,ok,79.0,ok,88.0,ok,88.0,ok,90.0,ok
312,data/automata/random/TGBA.hoa:8564.1-8590.7,3,6,12,12,6,1,0,0,0,83.0,ok,83.0,ok,76.0,ok,72.0,ok,83.0,ok,83.0,ok,83.0,ok
313,data/automata/random/TGBA.hoa:8591.1-8610.7,3,4,7,7,6,1,0,0,0,49.0,ok,49.0,ok,44.0,ok,38.0,ok,49.0,ok,49.0,ok,49.0,ok
314,data/automata/random/TGBA.hoa:8611.1-8643.7,3,7,17,17,6,1,1,1,0,768.0,ok,844.0,ok,726.0,ok,141.0,ok,513.0,ok,822.0,ok,768.0,ok
315,data/automata/random/TGBA.hoa:8644.1-8678.7,3,7,19,19,6,4,1,1,0,482.0,ok,549.0,ok,461.0,ok,145.0,ok,388.0,ok,544.0,ok,482.0,ok
316,data/automata/random/TGBA.hoa:8679.1-8706.7,3,6,13,13,6,1,0,0,0,77.0,ok,76.0,ok,70.0,ok,66.0,ok,75.0,ok,76.0,ok,77.0,ok
317,data/automata/random/TGBA.hoa:8707.1-8742.7,3,7,20,20,6,1,4,1,0,891.0,ok,1022.0,ok,855.0,ok,163.0,ok,656.0,ok,987.0,ok,891.0,ok
318,data/automata/random/TGBA.hoa:8743.1-8768.7,3,5,12,12,6,1,1,1,0,593.0,ok,649.0,ok,550.0,ok,138.0,ok,593.0,ok,634.0,ok,593.0,ok
319,data/automata/random/TGBA.hoa:8769.1-8797.7,3,7,13,13,6,1,1,1,0,932.0,ok,979.0,ok,882.0,ok,156.0,ok,640.0,ok,954.0,ok,932.0,ok
320,data/automata/random/TGBA.hoa:8798.1-8820.7,3,5,9,9,6,1,1,1,0,454.0,ok,429.0,ok,405.0,ok,120.0,ok,140.0,ok,427.0,ok,454.0,ok
321,data/automata/random/TGBA.hoa:8821.1-8849.7,3,7,13,13,6,1,1,1,0,788.0,ok,774.0,ok,731.0,ok,95.0,ok,222.0,ok,768.0,ok,788.0,ok
322,data/automata/random/TGBA.hoa:8850.1-8882.7,3,7,17,17,6,1,2,1,0,1024.0,ok,1107.0,ok,951.0,ok,156.0,ok,1138.0,ok,1092.0,ok,1024.0,ok
323,data/automata/random/TGBA.hoa:8883.1-8903.7,4,4,8,8,6,1,0,0,0,65.0,ok,65.0,ok,60.0,ok,54.0,ok,55.0,ok,65.0,ok,65.0,ok
324,data/automata/random/TGBA.hoa:8904.1-8935.7,4,7,16,16,6,1,0,0,0,102.0,ok,101.0,ok,94.0,ok,91.0,ok,100.0,ok,101.0,ok,102.0,ok
325,data/automata/random/TGBA.hoa:8936.1-8961.7,4,5,12,12,6,1,1,1,0,566.0,ok,580.0,ok,523.0,ok,146.0,ok,507.0,ok,578.0,ok,566.0,ok
326,data/automata/random/TGBA.hoa:8962.1-8990.7,4,6,14,14,6,1,2,1,0,469.0,ok,493.0,ok,430.0,ok,98.0,ok,440.0,ok,484.0,ok,469.0,ok
327,data/automata/random/TGBA.hoa:8991.1-9019.7,4,6,14,14,6,1,0,0,0,71.0,ok,70.0,ok,64.0,ok,60.0,ok,63.0,ok,70.0,ok,71.0,ok
328,data/automata/random/TGBA.hoa:9020.1-9043.7,4,5,10,10,6,1,0,0,0,64.0,ok,64.0,ok,58.0,ok,53.0,ok,62.0,ok,64.0,ok,64.0,ok
329,data/automata/random/TGBA.hoa:9044.1-9075.7,4,7,16,16,6,1,1,1,0,936.0,ok,950.0,ok,858.0,ok,196.0,ok,822.0,ok,944.0,ok,936.0,ok
330,data/automata/random/TGBA.hoa:9076.1-9110.7,4,7,19,19,6,1,0,0,0,101.0,ok,101.0,ok,93.0,ok,90.0,ok,46.0,ok,101.0,ok,101.0,ok
331,data/automata/random/TGBA.hoa:9111.1-9137.7,4,5,13,13,6,1,0,0,0,74.0,ok,74.0,ok,68.0,ok,63.0,ok,74.0,ok,74.0,ok,74.0,ok
332,data/automata/random/TGBA.hoa:9138.1-9169.7,4,6,17,17,6,1,0,0,0,91.0,ok,91.0,ok,84.0,ok,80.0,ok,89.0,ok,91.0,ok,91.0,ok
333,data/automata/random/TGBA.hoa:9170.1-9199.7,4,6,15,15,6,1,1,1,0,1022.0,ok,1033.0,ok,935.0,ok,189.0,ok,475.0,ok,1023.0,ok,1022.0,ok
334,data/automata/random/TGBA.hoa:9200.1-9229.7,4,6,15,15,6,1,0,0,0,87.0,ok,87.0,ok,80.0,ok,76.0,ok,87.0,ok,87.0,ok,87.0,ok
335,data/automata/random/TGBA.hoa:9230.1-9263.7,4,7,18,18,6,2,1,1,0,771.0,ok,780.0,ok,714.0,ok,177.0,ok,544.0,ok,779.0,ok,771.0,ok
336,data/automata/random/TGBA.hoa:9264.1-9293.7,4,7,14,14,6,2,1,1,0,331.0,ok,363.0,ok,316.0,ok,107.0,ok,299.0,ok,361.0,ok,331.0,ok
337,data/automata/random/TGBA.hoa:9294.1-9314.7,4,4,8,8,6,1,0,0,0,57.0,ok,56.0,ok,52.0,ok,46.0,ok,26.0,ok,56.0,ok,57.0,ok
338,data/automata/random/TGBA.hoa:9315.1-9336.7,4,5,8,8,6,1,1,1,0,190.0,ok,208.0,ok,174.0,ok,72.0,ok,57.0,ok,206.0,ok,190.0,ok
339,data/automata/random/TGBA.hoa:9337.1-9363.7,4,7,11,11,6,1,1,1,0,304.0,ok,327.0,ok,278.0,ok,91.0,ok,262.0,ok,326.0,ok,304.0,ok
340,data/automata/random/TGBA.hoa:9364.1-9387.7,4,5,10,10,6,1,0,0,0,73.0,ok,73.0,ok,67.0,ok,62.0,ok,67.0,ok,73.0,ok,73.0,ok
341,data/automata/random/TGBA.hoa:9388.1-9413.7,4,6,11,11,6,1,1,1,0,194.0,ok,200.0,ok,165.0,ok,82.0,ok,129.0,ok,200.0,ok,194.0,ok
342,data/automata/random/TGBA.hoa:9414.1-9447.7,4,7,18,18,6,1,1,1,0,437.0,ok,437.0,ok,394.0,ok,150.0,ok,437.0,ok,437.0,ok,437.0,ok
343,data/automata/random/TGBA.hoa:9448.1-9482.7,4,7,19,19,6,1,1,1,0,553.0,ok,560.0,ok,489.0,ok,105.0,ok,254.0,ok,556.0,ok,553.0,ok
344,data/automata/random/TGBA.hoa:9483.1-9512.7,4,7,14,14,6,1,1,1,0,539.0,ok,540.0,ok,467.0,ok,144.0,ok,592.0,ok,535.0,ok,539.0,ok
345,data/automata/random/TGBA.hoa:9513.1-9544.7,2,7,16,16,7,1,3,1,0,1740.0,ok,2365.0,ok,1694.0,ok,257.0,ok,1666.0,ok,2221.0,ok,1740.0,ok
346,data/automata/random/TGBA.hoa:9545.1-9562.7,2,3,6,6,7,1,0,0,0,54.0,ok,53.0,ok,50.0,ok,41.0,ok,48.0,ok,53.0,ok,54.0,ok
347,data/automata/random/TGBA.hoa:9563.1-9594.7,2,7,16,16,7,1,2,1,0,997.0,ok,971.0,ok,923.0,ok,221.0,ok,698.0,ok,969.0,ok,997.0,ok
348,data/automata/random/TGBA.hoa:9595.1-9620.7,2,6,11,11,7,1,1,1,0,538.0,ok,526.0,ok,488.0,ok,156.0,ok,351.0,ok,526.0,ok,538.0,ok
349,data/automata/random/TGBA.hoa:9621.1-9645.7,2,6,10,10,7,1,2,1,0,239.0,ok,264.0,ok,225.0,ok,68.0,ok,233.0,ok,264.0,ok,239.0,ok
350,data/automata/random/TGBA.hoa:9646.1-9680.7,2,7,19,19,7,1,3,1,0,3068.0,ok,3363.0,ok,2829.0,ok,378.0,ok,2858.0,ok,3190.0,ok,3022.0,ok
351,data/automata/random/TGBA.hoa:9681.1-9708.7,2,6,13,13,7,1,1,1,0,3787.0,ok,4576.0,ok,3452.0,ok,450.0,ok,3787.0,ok,4336.0,ok,3722.0,ok
352,data/automata/random/TGBA.hoa:9709.1-9744.7,2,7,20,20,7,1,4,1,0,23632.0,ok,31825.0,ok,21659.0,ok,2642.0,ok,17742.0,ok,29433.0,ok,23327.0,ok
353,data/automata/random/TGBA.hoa:9745.1-9770.7,2,5,12,12,7,1,4,1,0,641.0,ok,740.0,ok,612.0,ok,119.0,ok,643.0,ok,731.0,ok,641.0,ok
354,data/automata/random/TGBA.hoa:9771.1-9799.7,2,7,13,13,7,1,3,1,0,821.0,ok,889.0,ok,788.0,ok,111.0,ok,649.0,ok,872.0,ok,821.0,ok
355,data/automata/random/TGBA.hoa:9800.1-9822.7,2,5,9,9,7,1,0,0,0,75.0,ok,73.0,ok,69.0,ok,62.0,ok,47.0,ok,73.0,ok,75.0,ok
356,data/automata/random/TGBA.hoa:9823.1-9851.7,2,7,13,13,7,1,3,1,0,897.0,ok,984.0,ok,852.0,ok,146.0,ok,481.0,ok,985.0,ok,897.0,ok
357,data/automata/random/TGBA.hoa:9852.1-9884.7,2,7,17,17,7,1,3,1,0,1543.0,ok,1890.0,ok,1519.0,ok,212.0,ok,1527.0,ok,1827.0,ok,1543.0,ok
358,data/automata/random/TGBA.hoa:9885.1-9905.7,3,4,8,8,7,1,1,1,0,75.0,ok,77.0,ok,64.0,ok,51.0,ok,69.0,ok,77.0,ok,75.0,ok
359,data/automata/random/TGBA.hoa:9906.1-9937.7,3,7,16,16,7,2,1,1,0,999.0,ok,993.0,ok,935.0,ok,187.0,ok,903.0,ok,987.0,ok,999.0,ok
360,data/automata/random/TGBA.hoa:9938.1-9963.7,3,5,12,12,7,1,2,1,0,496.0,ok,536.0,ok,474.0,ok,119.0,ok,484.0,ok,535.0,ok,496.0,ok
361,data/automata/random/TGBA.hoa:9964.1-9992.7,3,6,14,14,7,1,1,1,0,2740.0,ok,2623.0,ok,2454.0,ok,353.0,ok,2036.0,ok,2586.0,ok,2714.0,ok
362,data/automata/random/TGBA.hoa:9993.1-10021.7,3,6,14,14,7,1,2,1,0,931.0,ok,1077.0,ok,906.0,ok,148.0,ok,679.0,ok,1062.0,ok,931.0,ok
363,data/automata/random/TGBA.hoa:10022.1-10051.7,3,6,15,15,7,1,2,1,0,1103.0,ok,1271.0,ok,1061.0,ok,142.0,ok,1090.0,ok,1232.0,ok,1103.0,ok
364,data/automata/random/TGBA.hoa:10052.1-10075.7,3,5,10,10,7,1,0,0,0,90.0,ok,90.0,ok,84.0,ok,77.0,ok,90.0,ok,90.0,ok,90.0,ok
365,data/automata/random/TGBA.hoa:10076.1-10107.7,3,7,16,16,7,1,1,1,0,1217.0,ok,1238.0,ok,1144.0,ok,229.0,ok,1078.0,ok,1225.0,ok,1217.0,ok
366,data/automata/random/TGBA.hoa:10108.1-10142.7,3,7,19,19,7,1,4,1,0,1180.0,ok,1350.0,ok,1131.0,ok,190.0,ok,779.0,ok,1278.0,ok,1178.0,ok
367,data/automata/random/TGBA.hoa:10143.1-10169.7,3,5,13,13,7,1,3,1,0,493.0,ok,555.0,ok,484.0,ok,87.0,ok,493.0,ok,547.0,ok,493.0,ok
368,data/automata/random/TGBA.hoa:10170.1-10199.7,3,6,15,15,7,1,1,1,0,1450.0,ok,1502.0,ok,1343.0,ok,266.0,ok,934.0,ok,1482.0,ok,1450.0,ok
369,data/automata/random/TGBA.hoa:10200.1-10222.7,3,5,9,9,7,3,0,0,0,49.0,ok,47.0,ok,45.0,ok,36.0,ok,49.0,ok,47.0,ok,49.0,ok
370,data/automata/random/TGBA.hoa:10223.1-10252.7,3,6,15,15,7,1,2,1,0,2188.0,ok,2296.0,ok,2051.0,ok,272.0,ok,1201.0,ok,2274.0,ok,2188.0,ok
371,data/automata/random/TGBA.hoa:10253.1-10271.7,3,4,6,6,7,2,0,0,0,55.0,ok,51.0,ok,51.0,ok,42.0,ok,49.0,ok,51.0,ok,55.0,ok
372,data/automata/random/TGBA.hoa:10272.1-10305.7,3,7,18,18,7,1,1,1,0,635.0,ok,675.0,ok,594.0,ok,150.0,ok,541.0,ok,668.0,ok,635.0,ok
373,data/automata/random/TGBA.hoa:10306.1-10335.7,3,7,14,14,7,1,0,0,0,103.0,ok,101.0,ok,95.0,ok,90.0,ok,74.0,ok,101.0,ok,103.0,ok
374,data/automata/random/TGBA.hoa:10336.1-10356.7,3,4,8,8,7,1,0,0,0,74.0,ok,73.0,ok,69.0,ok,61.0,ok,63.0,ok,73.0,ok,74.0,ok
375,data/automata/random/TGBA.hoa:10357.1-10378.7,3,5,8,8,7,1,1,1,0,303.0,ok,315.0,ok,283.0,ok,68.0,ok,142.0,ok,313.0,ok,303.0,ok
376,data/automata/random/TGBA.hoa:10379.1-10412.7,3,7,18,18,7,1,1,1,0,881.0,ok,1018.0,ok,863.0,ok,216.0,ok,592.0,ok,1007.0,ok,881.0,ok
377,data/automata/random/TGBA.hoa:10413.1-10447.7,3,7,19,19,7,1,1,1,0,1047.0,ok,1101.0,ok,983.0,ok,226.0,ok,938.0,ok,1097.0,ok,1047.0,ok
378,data/automata/random/TGBA.hoa:10448.1-10477.7,3,7,14,14,7,1,0,0,0,112.0,ok,110.0,ok,104.0,ok,99.0,ok,108.0,ok,110.0,ok,112.0,ok
379,data/automata/random/TGBA.hoa:10478.1-10502.7,4,5,11,11,7,2,1,1,0,257.0,ok,270.0,ok,236.0,ok,78.0,ok,185.0,ok,268.0,ok,257.0,ok
380,data/automata/random/TGBA.hoa:10503.1-10537.7,4,7,19,19,7,1,1,1,0,1179.0,ok,1211.0,ok,1106.0,ok,208.0,ok,1257.0,ok,1198.0,ok,1179.0,ok
381,data/automata/random/TGBA.hoa:10538.1-10571.7,4,7,18,18,7,1,1,1,0,792.0,ok,795.0,ok,737.0,ok,205.0,ok,295.0,ok,791.0,ok,792.0,ok
382,data/automata/random/TGBA.hoa:10572.1-10601.7,4,7,14,14,7,1,0,0,0,104.0,ok,103.0,ok,96.0,ok,91.0,ok,104.0,ok,103.0,ok,104.0,ok
383,data/automata/random/TGBA.hoa:10602.1-10627.7,4,5,12,12,7,1,0,0,0,86.0,ok,85.0,ok,80.0,ok,73.0,ok,84.0,ok,85.0,ok,86.0,ok
384,data/automata/random/TGBA.hoa:10628.1-10662.7,4,7,19,19,7,1,0,0,0,116.0,ok,114.0,ok,108.0,ok,103.0,ok,112.0,ok,114.0,ok,116.0,ok
385,data/automata/random/TGBA.hoa:10663.1-10691.7,4,6,14,14,7,1,2,1,0,906.0,ok,964.0,ok,881.0,ok,108.0,ok,635.0,ok,955.0,ok,906.0,ok
386,data/automata/random/TGBA.hoa:10692.1-10713.7,4,5,8,8,7,1,0,0,0,72.0,ok,70.0,ok,66.0,ok,59.0,ok,64.0,ok,70.0,ok,72.0,ok
387,data/automata/random/TGBA.hoa:10714.1-10734.7,4,4,8,8,7,1,0,0,0,69.0,ok,68.0,ok,64.0,ok,56.0,ok,51.0,ok,68.0,ok,69.0,ok
388,data/automata/random/TGBA.hoa:10735.1-10758.7,4,5,10,10,7,1,0,0,0,79.0,ok,78.0,ok,73.0,ok,66.0,ok,75.0,ok,78.0,ok,79.0,ok
389,data/automata/random/TGBA.hoa:10759.1-10783.7,4,5,11,11,7,1,0,0,0,84.0,ok,84.0,ok,78.0,ok,71.0,ok,74.0,ok,84.0,ok,84.0,ok
390,data/automata/random/TGBA.hoa:10784.1-10816.7,4,7,17,17,7,1,0,0,0,101.0,ok,100.0,ok,93.0,ok,88.0,ok,100.0,ok,100.0,ok,101.0,ok
391,data/automata/random/TGBA.hoa:10817.1-10846.7,4,7,14,14,7,1,0,0,0,114.0,ok,114.0,ok,106.0,ok,101.0,ok,114.0,ok,114.0,ok,114.0,ok
392,data/automata/random/TGBA.hoa:10847.1-10870.7,4,5,10,10,7,1,0,0,0,74.0,ok,73.0,ok,68.0,ok,61.0,ok,68.0,ok,73.0,ok,74.0,ok
393,data/automata/random/TGBA.hoa:10871.1-10896.7,4,6,11,11,7,1,0,0,0,84.0,ok,82.0,ok,77.0,ok,71.0,ok,72.0,ok,82.0,ok,84.0,ok
394,data/automata/random/TGBA.hoa:10897.1-10928.7,2,7,16,16,8,1,3,1,0,3249.0,ok,4308.0,ok,3147.0,ok,331.0,ok,3031.0,ok,4004.0,ok,3247.0,ok
395,data/automata/random/TGBA.hoa:10929.1-10954.7,2,5,12,12,8,1,3,1,0,3074.0,ok,4404.0,ok,3007.0,ok,340.0,ok,2864.0,ok,4123.0,ok,3068.0,ok
396,data/automata/random/TGBA.hoa:10955.1-10983.7,2,6,14,14,8,1,1,1,0,,timeout,,timeout,,timeout,12010.0,ok,,timeout,,timeout,,timeout
397,data/automata/random/TGBA.hoa:10984.1-11007.7,2,5,10,10,8,1,1,1,0,713.0,ok,689.0,ok,658.0,ok,160.0,ok,503.0,ok,689.0,ok,713.0,ok
398,data/automata/random/TGBA.hoa:11008.1-11029.7,2,4,9,9,8,1,1,1,0,497.0,ok,549.0,ok,465.0,ok,79.0,ok,410.0,ok,534.0,ok,497.0,ok
399,data/automata/random/TGBA.hoa:11030.1-11061.7,2,7,16,16,8,1,4,1,0,5232.0,ok,6836.0,ok,4978.0,ok,561.0,ok,3774.0,ok,6253.0,ok,5215.0,ok
400,data/automata/random/TGBA.hoa:11062.1-11088.7,2,5,13,13,8,1,2,1,0,7554.0,ok,8899.0,ok,6975.0,ok,599.0,ok,4763.0,ok,8100.0,ok,7339.0,ok
401,data/automata/random/TGBA.hoa:11089.1-11118.7,2,6,15,15,8,1,4,1,0,2959.0,ok,3407.0,ok,2812.0,ok,302.0,ok,2331.0,ok,3229.0,ok,2956.0,ok
402,data/automata/random/TGBA.hoa:11119.1-11148.7,2,6,15,15,8,1,3,1,0,1889.0,ok,2188.0,ok,1817.0,ok,228.0,ok,1708.0,ok,2085.0,ok,1873.0,ok
403,data/automata/random/TGBA.hoa:11149.1-11182.7,2,7,18,18,8,1,3,1,0,2378.0,ok,2700.0,ok,2278.0,ok,263.0,ok,2497.0,ok,2637.0,ok,2378.0,ok
404,data/automata/random/TGBA.hoa:11183.1-11212.7,2,7,14,14,8,1,2,1,0,1444.0,ok,1579.0,ok,1380.0,ok,175.0,ok,943.0,ok,1539.0,ok,1443.0,ok
405,data/automata/random/TGBA.hoa:11213.1-11233.7,2,4,8,8,8,1,0,0,0,64.0,ok,63.0,ok,59.0,ok,49.0,ok,50.0,ok,63.0,ok,64.0,ok
406,data/automata/random/TGBA.hoa:11234.1-11255.7,2,5,8,8,8,2,1,1,0,250.0,ok,262.0,ok,234.0,ok,59.0,ok,116.0,ok,261.0,ok,250.0,ok
407,data/automata/random/TGBA.hoa:11256.1-11279.7,2,5,10,10,8,1,3,1,0,901.0,ok,1002.0,ok,874.0,ok,120.0,ok,519.0,ok,966.0,ok,901.0,ok
408,data/automata/random/TGBA.hoa:11280.1-11305.7,2,6,11,11,8,1,1,1,0,359.0,ok,383.0,ok,334.0,ok,95.0,ok,270.0,ok,382.0,ok,359.0,ok
409,data/automata/random/TGBA.hoa:11306.1-11339.7,2,7,18,18,8,1,3,1,0,2732.0,ok,2977.0,ok,2662.0,ok,357.0,ok,1715.0,ok,2901.0,ok,2732.0,ok
410,data/automata/random/TGBA.hoa:11340.1-11374.7,2,7,19,19,8,1,3,1,0,4192.0,ok,4992.0,ok,3931.0,ok,396.0,ok,3545.0,ok,4827.0,ok,4186.0,ok
411,data/automata/random/TGBA.hoa:11375.1-11404.7,2,7,14,14,8,1,1,1,0,1655.0,ok,1997.0,ok,1588.0,ok,233.0,ok,770.0,ok,1887.0,ok,1653.0,ok
412,data/automata/random/TGBA.hoa:11405.1-11437.7,2,7,17,17,8,1,3,1,0,9856.0,ok,13151.0,ok,9208.0,ok,912.0,ok,9452.0,ok,12663.0,ok,9741.0,ok
413,data/automata/random/TGBA.hoa:11438.1-11462.7,3,5,11,11,8,1,1,1,0,259.0,ok,275.0,ok,235.0,ok,79.0,ok,209.0,ok,270.0,ok,259.0,ok
414,data/automata/random/TGBA.hoa:11463.1-11497.7,3,7,19,19,8,1,4,1,0,2619.0,ok,3249.0,ok,2556.0,ok,278.0,ok,1866.0,ok,3045.0,ok,2615.0,ok
415,data/automata/random/TGBA.hoa:11498.1-11531.7,3,7,18,18,8,1,3,1,0,1769.0,ok,1950.0,ok,1698.0,ok,276.0,ok,1248.0,ok,1891.0,ok,1769.0,ok
416,data/automata/random/TGBA.hoa:11532.1-11561.7,3,7,14,14,8,1,1,1,0,604.0,ok,632.0,ok,576.0,ok,140.0,ok,566.0,ok,632.0,ok,604.0,ok
417,data/automata/random/TGBA.hoa:11562.1-11587.7,3,5,12,12,8,1,0,0,0,98.0,ok,98.0,ok,92.0,ok,83.0,ok,85.0,ok,98.0,ok,98.0,ok
418,data/automata/random/TGBA.hoa:11588.1-11610.7,3,5,9,9,8,1,0,0,0,85.0,ok,83.0,ok,79.0,ok,70.0,ok,80.0,ok,83.0,ok,85.0,ok
419,data/automata/random/TGBA.hoa:11611.1-11639.7,3,6,14,14,8,1,0,0,0,109.0,ok,108.0,ok,102.0,ok,94.0,ok,95.0,ok,108.0,ok,109.0,ok
420,data/automata/random/TGBA.hoa:11640.1-11663.7,3,5,10,10,8,1,1,1,0,477.0,ok,525.0,ok,463.0,ok,88.0,ok,344.0,ok,514.0,ok,477.0,ok
421,data/automata/random/TGBA.hoa:11664.1-11696.7,3,7,17,17,8,1,1,1,0,3597.0,ok,3578.0,ok,3281.0,ok,408.0,ok,2874.0,ok,3443.0,ok,3571.0,ok
422,data/automata/random/TGBA.hoa:11697.1-11724.7,3,6,13,13,8,1,3,1,0,678.0,ok,758.0,ok,661.0,ok,106.0,ok,620.0,ok,742.0,ok,678.0,ok
423,data/automata/random/TGBA.hoa:11725.1-11754.7,3,7,14,14,8,1,3,1,0,593.0,ok,640.0,ok,560.0,ok,101.0,ok,651.0,ok,627.0,ok,593.0,ok
424,data/automata/random/TGBA.hoa:11755.1-11785.7,4,6,16,16,8,1,1,1,0,1164.0,ok,1178.0,ok,1093.0,ok,214.0,ok,1144.0,ok,1176.0,ok,1164.0,ok
425,data/automata/random/TGBA.hoa:11786.1-11808.7,4,5,9,9,8,1,1,1,0,605.0,ok,666.0,ok,567.0,ok,97.0,ok,522.0,ok,656.0,ok,605.0,ok
426,data/automata/random/TGBA.hoa:11809.1-11840.7,4,7,16,16,8,1,0,0,0,128.0,ok,128.0,ok,120.0,ok,113.0,ok,128.0,ok,128.0,ok,128.0,ok
427,data/automata/random/TGBA.hoa:11841.1-11873.7,4,7,17,17,8,1,1,1,0,1479.0,ok,1499.0,ok,1398.0,ok,252.0,ok,1367.0,ok,1491.0,ok,1479.0,ok
428,data/automata/random/TGBA.hoa:11874.1-11902.7,4,6,14,14,8,1,0,0,0,117.0,ok,116.0,ok,110.0,ok,102.0,ok,107.0,ok,116.0,ok,117.0,ok
429,data/automata/random/TGBA.hoa:11903.1-11930.7,4,7,12,12,8,1,0,0,0,122.0,ok,122.0,ok,114.0,ok,107.0,ok,122.0,ok,122.0,ok,122.0,ok
430,data/automata/random/TGBA.hoa:11931.1-11953.7,4,5,9,9,8,1,0,0,0,84.0,ok,81.0,ok,78.0,ok,69.0,ok,42.0,ok,81.0,ok,84.0,ok
431,data/automata/random/TGBA.hoa:11954.1-11991.7,4,7,22,22,8,1,1,1,0,2212.0,ok,2250.0,ok,2095.0,ok,296.0,ok,1766.0,ok,2228.0,ok,2212.0,ok
432,data/automata/random/TGBA.hoa:11992.1-12008.7,4,3,5,5,8,1,0,0,0,52.0,ok,50.0,ok,48.0,ok,37.0,ok,30.0,ok,50.0,ok,52.0,ok
433,data/automata/random/TGBA.hoa:12009.1-12035.7,4,6,12,12,8,1,0,0,0,108.0,ok,103.0,ok,101.0,ok,93.0,ok,92.0,ok,103.0,ok,108.0,ok
434,data/automata/random/TGBA.hoa:12036.1-12061.7,4,6,11,11,8,1,1,1,0,324.0,ok,354.0,ok,299.0,ok,103.0,ok,115.0,ok,351.0,ok,324.0,ok
435,data/automata/random/TGBA.hoa:12062.1-12089.7,4,6,13,13,8,1,1,1,0,638.0,ok,620.0,ok,588.0,ok,188.0,ok,463.0,ok,620.0,ok,638.0,ok
436,data/automata/random/TGBA.hoa:12090.1-12120.7,4,7,15,15,8,1,0,0,0,114.0,ok,114.0,ok,106.0,ok,99.0,ok,114.0,ok,114.0,ok,114.0,ok
437,data/automata/random/TGBA.hoa:12121.1-12152.7,4,6,17,17,8,1,1,1,0,1388.0,ok,1388.0,ok,1302.0,ok,236.0,ok,1112.0,ok,1383.0,ok,1388.0,ok
438,data/automata/random/TGBA.hoa:12153.1-12187.7,4,7,19,19,8,2,1,1,0,911.0,ok,920.0,ok,850.0,ok,186.0,ok,911.0,ok,917.0,ok,911.0,ok
439,data/automata/random/TGBA.hoa:12188.1-12215.7,4,6,13,13,8,1,0,0,0,109.0,ok,108.0,ok,102.0,ok,94.0,ok,95.0,ok,108.0,ok,109.0,ok
440,data/automata/random/TGBA.hoa:12216.1-12245.7,4,6,15,15,8,1,2,1,0,1049.0,ok,1121.0,ok,1002.0,ok,140.0,ok,861.0,ok,1093.0,ok,1049.0,ok
441,data/automata/random/TGBA.hoa:12246.1-12282.7,4,7,21,21,8,1,1,1,0,2420.0,ok,2509.0,ok,2292.0,ok,175.0,ok,2231.0,ok,2459.0,ok,2419.0,ok
442,data/automata/random/TGBA.hoa:12283.1-12314.7,4,7,16,16,8,1,0,0,0,125.0,ok,124.0,ok,117.0,ok,110.0,ok,125.0,ok,124.0,ok,125.0,ok
443,data/automata/random/TGBA.hoa:12315.1-12348.7,4,7,18,18,8,1,1,1,0,3171.0,ok,3309.0,ok,2912.0,ok,410.0,ok,2940.0,ok,3225.0,ok,3141.0,ok
